-- phpMyAdmin SQL Dump
-- version 4.6.6
-- https://www.phpmyadmin.net/
--
-- Host: localhost:3306
-- Generation Time: May 29, 2017 at 07:18 AM
-- Server version: 5.5.54-cll-lve
-- PHP Version: 5.6.30

SET SQL_MODE = "NO_AUTO_VALUE_ON_ZERO";
SET time_zone = "+00:00";


/*!40101 SET @OLD_CHARACTER_SET_CLIENT=@@CHARACTER_SET_CLIENT */;
/*!40101 SET @OLD_CHARACTER_SET_RESULTS=@@CHARACTER_SET_RESULTS */;
/*!40101 SET @OLD_COLLATION_CONNECTION=@@COLLATION_CONNECTION */;
/*!40101 SET NAMES utf8mb4 */;

--
-- Database: `bodhiinf_restaurant`
--

-- --------------------------------------------------------

--
-- Table structure for table `fillings`
--

CREATE TABLE `fillings` (
  `id` int(10) UNSIGNED NOT NULL,
  `filling_category_id` int(10) UNSIGNED NOT NULL,
  `filling_name` varchar(500) COLLATE utf8_unicode_ci NOT NULL,
  `filling_name_arabic` varchar(500) CHARACTER SET utf8 NOT NULL,
  `price` varchar(255) COLLATE utf8_unicode_ci NOT NULL,
  `currency` varchar(255) COLLATE utf8_unicode_ci DEFAULT NULL,
  `created_at` timestamp NULL DEFAULT NULL,
  `updated_at` timestamp NULL DEFAULT NULL
) ENGINE=InnoDB DEFAULT CHARSET=utf8 COLLATE=utf8_unicode_ci;

--
-- Dumping data for table `fillings`
--

INSERT INTO `fillings` (`id`, `filling_category_id`, `filling_name`, `filling_name_arabic`, `price`, `currency`, `created_at`, `updated_at`) VALUES
(3, 2, 'Chicken', 'Ø¯Ø¬Ø§Ø¬', '10', 'QR', '2016-11-10 01:32:57', '2016-11-10 01:32:57'),
(4, 3, 'Meat/sea', 'Ù„Ø­Ù…/ Ø¨Ø­Ø±ÙŠ', '10', 'QR', '2016-11-10 01:34:19', '2016-11-10 01:34:19'),
(5, 3, 'Vegetable', 'Ø®Ø¶Ø±ÙˆØ§Øª', '10', 'QR', '2016-11-10 01:34:55', '2016-11-10 01:34:55'),
(6, 3, 'Vegetable', 'Ø®Ø¶Ø±ÙˆØ§Øª', '10', 'QR', '2016-11-10 01:35:12', '2016-11-10 01:35:12'),
(7, 4, 'Gelato', 'Ø¬ÙŠÙ„Ø§ØªÙˆ', '12', 'QR', '2016-11-10 01:36:02', '2016-11-10 01:36:02'),
(8, 4, 'Nutella', 'Ù†ÙˆØªÙŠÙ„Ø§', '5', 'QR', '2016-11-10 01:36:38', '2016-11-10 01:36:38'),
(9, 4, 'Walnuts', 'Ù…ÙƒØ³Ø±Ø§Øª', '5', 'QR', '2016-11-10 01:37:03', '2016-11-10 01:37:03'),
(10, 4, 'Mango', 'Ù…Ø§Ù†Ø¬Ùˆ', '5', 'QR', '2016-11-10 01:37:23', '2016-11-10 01:37:23'),
(11, 4, 'Fruit', 'ÙÙˆØ§ÙƒÙ‡', '5', 'QR', '2016-11-10 01:37:50', '2016-11-10 01:37:50'),
(12, 4, 'Banana', 'Ù…ÙˆØ²', '5', 'QR', '2016-11-10 01:38:20', '2016-11-10 01:38:20'),
(13, 4, 'Apple', 'ØªÙØ§Ø­', '5', 'QR', '2016-11-10 01:38:40', '2016-11-10 01:38:40'),
(14, 4, 'Custard', 'ÙƒØ§Ø³ØªØ±Ø¯', '5', 'QR', '2016-11-10 01:39:00', '2016-11-10 01:39:00'),
(15, 4, 'Strawberry', 'ÙØ±Ø§ÙˆÙ„Ø©', '5', 'QR', '2016-11-10 01:39:38', '2016-11-10 01:39:38'),
(16, 4, 'Whipped Cream', 'Ù…Ø®ÙÙˆÙ‚Ø©', '5', 'QR', '2016-11-10 01:40:02', '2016-11-10 01:40:02');

-- --------------------------------------------------------

--
-- Table structure for table `filling_categories`
--

CREATE TABLE `filling_categories` (
  `id` int(10) UNSIGNED NOT NULL,
  `category` varchar(500) COLLATE utf8_unicode_ci NOT NULL,
  `category_arabic` varchar(500) CHARACTER SET utf8 NOT NULL,
  `created_at` timestamp NULL DEFAULT NULL,
  `updated_at` timestamp NULL DEFAULT NULL
) ENGINE=InnoDB DEFAULT CHARSET=utf8 COLLATE=utf8_unicode_ci;

--
-- Dumping data for table `filling_categories`
--

INSERT INTO `filling_categories` (`id`, `category`, `category_arabic`, `created_at`, `updated_at`) VALUES
(2, 'Salads', 'Ø§Ù„Ø³Ù„Ø·Ø§Øª', '2016-11-10 01:31:02', '2017-02-07 15:17:25'),
(3, 'Savoury', 'Ø§Ù„Ù…Ø§Ù„Ø­', '2016-11-10 01:31:38', '2017-02-07 15:15:57'),
(4, 'Sweet', 'Ø§Ù„Ø­Ù„Ùˆ', '2016-11-10 01:32:08', '2017-02-04 12:42:02');

-- --------------------------------------------------------

--
-- Table structure for table `filling_types`
--

CREATE TABLE `filling_types` (
  `id` int(10) UNSIGNED NOT NULL,
  `filling_id` int(10) UNSIGNED NOT NULL,
  `type_name` varchar(500) COLLATE utf8_unicode_ci NOT NULL,
  `type_name_arabic` varchar(500) CHARACTER SET utf8 NOT NULL,
  `created_at` timestamp NULL DEFAULT NULL,
  `updated_at` timestamp NULL DEFAULT NULL
) ENGINE=InnoDB DEFAULT CHARSET=utf8 COLLATE=utf8_unicode_ci;

--
-- Dumping data for table `filling_types`
--

INSERT INTO `filling_types` (`id`, `filling_id`, `type_name`, `type_name_arabic`, `created_at`, `updated_at`) VALUES
(2, 4, 'Beef', 'Ù„Ø­Ù…', '2016-11-10 01:41:13', '2017-02-07 15:33:26'),
(3, 4, 'Chicken', 'Ø¯Ø¬Ø§Ø¬', '2016-11-10 01:42:04', '2017-02-07 15:33:10'),
(4, 4, 'Turkey', 'ØªØ±ÙƒÙŠ', '2016-11-10 01:42:26', '2017-02-07 15:32:56'),
(5, 4, 'Tuna', 'ØªÙˆÙ†Ø§', '2016-11-10 01:43:20', '2017-02-07 15:32:39'),
(6, 5, 'Tomato', 'Ø·Ù…Ø§Ø·Ù…', '2016-11-10 01:43:39', '2017-02-07 15:32:22'),
(7, 5, 'Spinach', 'Ø³Ø¨Ø§Ù†Ø®', '2016-11-10 01:43:59', '2017-02-07 15:32:05'),
(8, 5, 'Mushrooms', 'Ù…Ø´Ø±ÙˆÙ…', '2016-11-10 01:44:18', '2017-02-07 15:31:45'),
(9, 5, 'Lettuce', 'Ø®Ø³', '2016-11-10 01:44:37', '2017-02-07 15:31:27'),
(10, 5, 'Bell Pepper', 'ÙÙ„ÙÙ„ Ø£Ø®Ø¶Ø±', '2016-11-10 01:44:58', '2017-02-07 15:31:08'),
(11, 5, 'Onion', 'Ø¨ØµÙ„', '2016-11-10 01:45:15', '2017-02-07 15:28:11'),
(12, 5, 'Olives', 'Ø²ÙŠØªÙˆÙ†', '2016-11-10 01:45:36', '2017-02-07 15:27:53'),
(13, 5, 'Reda Beans', 'ÙØ§ØµÙˆÙ„ÙŠØ§ Ø­Ù…Ø±Ø§Ø¡', '2016-11-10 01:45:56', '2017-02-07 15:27:36'),
(14, 6, 'Mozzarella', 'Ù…ÙˆØªØ²Ø§Ø±ÙŠÙ„Ø§', '2016-11-10 01:46:24', '2017-02-07 15:27:18'),
(15, 6, 'Cheddar', 'Ø´ÙŠØ¯Ø±', '2016-11-10 01:46:44', '2017-02-07 15:27:01'),
(16, 6, 'Jack Cheese', 'Ø¬Ø¨Ù†Ø© Ø¬Ø§Ùƒ', '2016-11-10 01:47:04', '2017-02-07 15:26:41'),
(17, 6, 'Feta Cheese', 'Ø¬Ø¨Ù†Ø© ÙÙŠØªØ§', '2016-11-10 01:47:25', '2017-02-07 15:26:22');

-- --------------------------------------------------------

--
-- Table structure for table `Item_filling`
--

CREATE TABLE `Item_filling` (
  `ID` int(11) NOT NULL,
  `item` varchar(50) NOT NULL,
  `itemArabic` varchar(200) NOT NULL,
  `price` double NOT NULL,
  `itemID` int(11) NOT NULL
) ENGINE=MyISAM DEFAULT CHARSET=latin1;

--
-- Dumping data for table `Item_filling`
--

INSERT INTO `Item_filling` (`ID`, `item`, `itemArabic`, `price`, `itemID`) VALUES
(1, 'Gelato', 'Ø¬ÙŠÙ„Ø§ØªÙˆ', 12, 44),
(2, 'Whipped Cream', 'Ù…Ø®ÙÙˆÙ‚Ø©', 5, 44),
(3, 'Gelato', 'Ø¬ÙŠÙ„Ø§ØªÙˆ', 12, 45),
(4, 'Whipped Cream', 'Ù…Ø®ÙÙˆÙ‚Ø©', 5, 45),
(5, 'Gelato', 'Ø¬ÙŠÙ„Ø§ØªÙˆ', 12, 46),
(6, 'Whipped Cream', 'Ù…Ø®ÙÙˆÙ‚Ø©', 5, 46),
(7, 'Gelato', 'Ø¬ÙŠÙ„Ø§ØªÙˆ', 12, 50),
(8, 'Whipped Cream', 'Ù…Ø®ÙÙˆÙ‚Ø©', 5, 50),
(9, 'Gelato', 'Ø¬ÙŠÙ„Ø§ØªÙˆ', 12, 51),
(10, 'Whipped Cream', 'Ù…Ø®ÙÙˆÙ‚Ø©', 5, 51),
(11, 'Gelato', 'Ø¬ÙŠÙ„Ø§ØªÙˆ', 12, 52),
(12, 'Whipped Cream', 'Ù…Ø®ÙÙˆÙ‚Ø©', 5, 52),
(13, 'Gelato', 'Ø¬ÙŠÙ„Ø§ØªÙˆ', 12, 53),
(14, 'Whipped Cream', 'Ù…Ø®ÙÙˆÙ‚Ø©', 5, 53),
(15, 'Gelato', 'Ø¬ÙŠÙ„Ø§ØªÙˆ', 12, 54),
(16, 'Whipped Cream', 'Ù…Ø®ÙÙˆÙ‚Ø©', 5, 54),
(17, 'Gelato', 'Ø¬ÙŠÙ„Ø§ØªÙˆ', 12, 55),
(18, 'Whipped Cream', 'Ù…Ø®ÙÙˆÙ‚Ø©', 5, 55),
(19, 'Gelato', 'Ø¬ÙŠÙ„Ø§ØªÙˆ', 12, 56),
(20, 'Whipped Cream', 'Ù…Ø®ÙÙˆÙ‚Ø©', 5, 56),
(21, 'Gelato', 'Ø¬ÙŠÙ„Ø§ØªÙˆ', 12, 57),
(22, 'Whipped Cream', 'Ù…Ø®ÙÙˆÙ‚Ø©', 5, 57),
(23, 'Gelato', 'Ø¬ÙŠÙ„Ø§ØªÙˆ', 12, 84),
(24, 'Whipped Cream', 'Ù…Ø®ÙÙˆÙ‚Ø©', 5, 84),
(25, 'Gelato', 'Ø¬ÙŠÙ„Ø§ØªÙˆ', 12, 100),
(26, 'Whipped Cream', 'Ù…Ø®ÙÙˆÙ‚Ø©', 5, 100),
(27, 'Gelato', 'Ø¬ÙŠÙ„Ø§ØªÙˆ', 12, 101),
(28, 'Whipped Cream', 'Ù…Ø®ÙÙˆÙ‚Ø©', 5, 101),
(29, 'Gelato', 'Ø¬ÙŠÙ„Ø§ØªÙˆ', 12, 102),
(30, 'Whipped Cream', 'Ù…Ø®ÙÙˆÙ‚Ø©', 5, 102),
(31, 'Gelato', 'Ø¬ÙŠÙ„Ø§ØªÙˆ', 12, 103),
(32, 'Whipped Cream', 'Ù…Ø®ÙÙˆÙ‚Ø©', 5, 103),
(33, 'Gelato', 'Ø¬ÙŠÙ„Ø§ØªÙˆ', 12, 104),
(34, 'Whipped Cream', 'Ù…Ø®ÙÙˆÙ‚Ø©', 5, 104),
(35, 'Gelato', 'Ø¬ÙŠÙ„Ø§ØªÙˆ', 12, 105),
(36, 'Whipped Cream', 'Ù…Ø®ÙÙˆÙ‚Ø©', 5, 105),
(37, 'Gelato', 'Ø¬ÙŠÙ„Ø§ØªÙˆ', 12, 106),
(38, 'Whipped Cream', 'Ù…Ø®ÙÙˆÙ‚Ø©', 5, 106),
(39, 'Gelato', 'Ø¬ÙŠÙ„Ø§ØªÙˆ', 12, 107),
(40, 'Whipped Cream', 'Ù…Ø®ÙÙˆÙ‚Ø©', 5, 107),
(41, 'Gelato', 'Ø¬ÙŠÙ„Ø§ØªÙˆ', 12, 108),
(42, 'Whipped Cream', 'Ù…Ø®ÙÙˆÙ‚Ø©', 5, 108),
(43, 'Gelato', 'Ø¬ÙŠÙ„Ø§ØªÙˆ', 12, 109),
(44, 'Whipped Cream', 'Ù…Ø®ÙÙˆÙ‚Ø©', 5, 109),
(45, 'Gelato', 'Ø¬ÙŠÙ„Ø§ØªÙˆ', 12, 110),
(46, 'Whipped Cream', 'Ù…Ø®ÙÙˆÙ‚Ø©', 5, 110),
(47, 'Gelato', 'Ø¬ÙŠÙ„Ø§ØªÙˆ', 12, 111),
(48, 'Whipped Cream', 'Ù…Ø®ÙÙˆÙ‚Ø©', 5, 111),
(61, 'Chicken', 'Ø¯Ø¬Ø§Ø¬', 10, 40);

-- --------------------------------------------------------

--
-- Table structure for table `meal_types`
--

CREATE TABLE `meal_types` (
  `id` int(10) UNSIGNED NOT NULL,
  `meal_type` varchar(500) COLLATE utf8_unicode_ci NOT NULL,
  `meal_type_arabic` varchar(500) CHARACTER SET utf8 NOT NULL,
  `created_at` timestamp NULL DEFAULT NULL,
  `updated_at` timestamp NULL DEFAULT NULL,
  `meal_order` int(11) NOT NULL
) ENGINE=InnoDB DEFAULT CHARSET=utf8 COLLATE=utf8_unicode_ci;

--
-- Dumping data for table `meal_types`
--

INSERT INTO `meal_types` (`id`, `meal_type`, `meal_type_arabic`, `created_at`, `updated_at`, `meal_order`) VALUES
(7, 'Breakfast Crepes', 'ÙØ·ÙˆØ± Ø§Ù„ÙƒØ±ÙŠØ¨', '2017-02-07 10:08:20', '2017-02-07 10:08:20', 1),
(8, 'Salads', 'Ø§Ù„Ø³Ù„Ø·Ø§Øª', '2017-02-07 10:08:01', '2017-02-07 10:08:01', 2),
(9, 'Savoury Crepes', 'Ù„ÙƒØ±ÙŠØ¨ Ø§Ù„Ù…Ù€Ø§Ù„Ù€Ø­', '2017-02-15 10:03:32', '2017-02-15 10:03:32', 3),
(10, 'Sweet Crepes', 'Ø§Ù„ÙƒØ±ÙŠØ¨ Ø§Ù„Ø­Ù€Ù„Ù€Ù€Ùˆ', '2017-02-15 10:01:55', '2017-02-15 10:01:55', 4),
(11, 'Sandwiches and Paninis', 'Ø³Ø§Ù†Ø¯ÙˆÙŠØªØ´Ø§Øª Ùˆ Ø¨Ù€Ø§Ù†Ù€ÙŠÙ†Ù€ÙŠ', '2017-02-07 10:09:53', '2017-02-07 10:09:53', 5),
(12, 'Cocktails Shakes & Juice', 'ÙƒÙˆÙƒØªÙŠÙ„ Ùˆ  Ø¹Ù€ØµÙ€Ø§Ø¦Ù€Ø± Ùˆ  Ù…Ø®ÙÙˆÙ‚Ø§Øª', '2017-02-07 10:09:29', '2017-02-07 10:09:29', 6),
(13, 'Cold Lattes', 'Ù„Ø§ØªÙŠÙ€Ù‡ Ø¨Ù€Ù€Ø§Ø±Ø¯', '2017-02-07 10:08:53', '2017-02-07 10:08:53', 7),
(14, 'Hot Beverages', 'Ù…Ø´Ø±ÙˆØ¨Ø§Øª Ø³Ø§Ø®Ù€Ù†Ù€Ù€Ø©', '2017-02-07 10:11:49', '2017-02-07 10:11:49', 11),
(15, 'Kids Menu', 'Ù‚Ø§Ø¦Ù…Ø© Ø§Ù„Ø£Ø·ÙØ§Ù„', '2017-02-07 10:12:49', '2017-02-07 10:12:49', 9),
(16, 'Gelato & Smoothies', 'Ø¬ÙŠÙ€Ù„Ø§ØªÙ€Ù€Ùˆ Ùˆ Ø³Ù…ÙˆØ°ÙŠØ²', '2017-02-07 10:12:28', '2017-02-07 10:12:28', 10),
(17, 'Soft drink', 'Ù…Ù€ÙŠÙ€Ø§Ù‡ Ùˆ Ù…Ø´Ø±ÙˆØ¨Ø§Øª ØºÙ€Ø§Ø²ÙŠÙ€Ø©', '2017-02-07 10:12:05', '2017-02-07 10:12:05', 12),
(18, 'Additional fillings', 'Ø¥Ø¶Ø§ÙØ§Øª Ø¬Ø§Ù†Ø¨ÙŠØ©', '2017-02-04 05:34:09', '2017-02-04 05:34:09', 100),
(19, 'Hot Lattes', 'Ù„Ø§ØªÙŠÙ€Ù‡ Ø³Ø§Ø®Ù†', '2017-02-07 10:08:36', '2017-02-07 10:08:36', 8);

-- --------------------------------------------------------

--
-- Table structure for table `menu_items`
--

CREATE TABLE `menu_items` (
  `id` int(10) UNSIGNED NOT NULL,
  `meal_type_id` int(10) UNSIGNED NOT NULL,
  `menu_item` varchar(500) COLLATE utf8_unicode_ci NOT NULL,
  `menu_item_arabic` varchar(500) CHARACTER SET utf8 NOT NULL,
  `description` text COLLATE utf8_unicode_ci NOT NULL,
  `description_arabic` text CHARACTER SET utf8 NOT NULL,
  `isCalories` tinyint(1) NOT NULL,
  `calories` varchar(500) COLLATE utf8_unicode_ci NOT NULL,
  `fat` varchar(255) COLLATE utf8_unicode_ci NOT NULL,
  `image` varchar(500) COLLATE utf8_unicode_ci NOT NULL,
  `price` varchar(255) COLLATE utf8_unicode_ci NOT NULL,
  `currency` varchar(255) COLLATE utf8_unicode_ci DEFAULT NULL,
  `filling_available` tinyint(1) NOT NULL DEFAULT '0',
  `filling_id` int(11) NOT NULL,
  `created_at` timestamp NULL DEFAULT NULL,
  `updated_at` timestamp NULL DEFAULT NULL
) ENGINE=InnoDB DEFAULT CHARSET=utf8 COLLATE=utf8_unicode_ci;

--
-- Dumping data for table `menu_items`
--

INSERT INTO `menu_items` (`id`, `meal_type_id`, `menu_item`, `menu_item_arabic`, `description`, `description_arabic`, `isCalories`, `calories`, `fat`, `image`, `price`, `currency`, `filling_available`, `filling_id`, `created_at`, `updated_at`) VALUES
(5, 14, 'French Coffee', 'Ù‚Ù‡ÙˆØ© ÙØ±Ù†Ø³ÙŠØ©', '', '', 0, '130', '3.5', 'menuitems/1478762555.png', '14', 'QR', 0, 0, '2017-02-04 07:08:41', '2017-02-04 07:08:41'),
(6, 7, 'Sunny Side Up', 'Ø³ÙŽÙ†ÙŠ Ø³Ø§ÙŠØ¯ Ø£Ø¨', 'Scrambled egg, mozzarella cheese, light mayonnaise', 'Ø¨ÙŠØ¶ØŒ Ø·Ù…Ø§Ø·Ù…ØŒ Ø¨ÙŠØ³ØªÙˆØŒ Ø¬Ø¨Ù†Ø© Ù…ÙˆØªØ²Ø§Ø±ÙŠÙ„Ø§ØŒ Ù…Ø§ÙŠÙˆÙ†ÙŠØ² Ø®ÙÙŠÙ', 1, '130', '3.5', 'menuitems/1478762665.png', '23', 'QR', 1, 3, '2017-02-07 10:48:13', '2017-02-07 10:48:13'),
(7, 12, 'Lets go bananas', 'Ù„ØªØ³ Ø¬Ùˆ Ø¨Ù†Ø§Ù†Ø§Ø²', 'Banana syrup, Orange juice, Pineapple juice.', 'Ø³ÙŠØ±Ø¨ Ø§Ù„Ù…ÙˆØ²ØŒ Ø¹ØµÙŠØ± Ø¨Ø±ØªÙ‚Ø§Ù„ØŒ Ø¹ØµÙŠØ±Ø£Ù†Ø§Ù†Ø§Ø³', 0, '130', '3.5', 'menuitems/1478763903.png', '16', 'QR', 0, 0, '2017-02-07 10:52:51', '2017-02-07 10:52:51'),
(8, 14, 'Espresso-single', 'Ø§Ø³Ø¨Ø±ÙŠØ³Ùˆ', '', '', 0, '130', '3.5', 'menuitems/1478764817.png', '12', 'QR', 0, 0, '2017-02-07 10:36:12', '2017-02-07 10:36:12'),
(9, 14, 'Espresso-Double', 'Ø¯Ø¨Ù„ Ø§Ø³Ø¨Ø±ÙŠØ³Ùˆ', '', '', 0, '130', '3.5', 'menuitems/1478765038.png', '14', 'QR', 0, 0, '2017-02-07 10:36:40', '2017-02-07 10:36:40'),
(10, 14, 'Cappuccino', 'ÙƒØ§Ø¨ÙˆØªØ´ÙŠÙ†Ùˆ', '', '', 0, '130', '3.5', 'menuitems/1478765096.png', '18', 'QR', 0, 0, '2017-02-07 10:37:06', '2017-02-07 10:37:06'),
(11, 14, 'Cafe late', 'ÙƒØ§ÙÙŠÙ‡ Ù„Ø§ØªÙŠÙ‡', '', '', 0, '130', '3.5', 'menuitems/1478765157.png', '18', 'QR', 0, 0, '2017-02-07 10:37:44', '2017-02-07 10:37:44'),
(12, 14, 'Cafe Mocha', 'ÙƒØ§ÙÙŠÙ‡ Ù…ÙˆÙƒØ§', '', '', 0, '130', '3.5', 'menuitems/1478765200.png', '18', 'QR', 0, 0, '2017-02-07 10:38:16', '2017-02-07 10:38:16'),
(13, 14, 'Hot Chocolate', 'Ø´ÙˆÙƒÙˆÙ„Ø§ØªØ© Ø³Ø§Ø®Ù†Ø©', '', '', 0, '130', '3.5', 'menuitems/1478765272.png', '18', 'QR', 0, 0, '2017-02-07 10:38:46', '2017-02-07 10:38:46'),
(14, 14, 'Hot chocolate marshmallows', 'Ø´ÙˆÙƒÙˆÙ„Ø§ØªØ© Ø³Ø§Ø®Ù†Ø© Ùˆ Ù…Ø§Ø±Ø´Ù…ÙŠÙ„Ùˆ', '', '', 0, '130', '3.5', 'menuitems/1478765330.png', '20', 'QR', 0, 0, '2017-02-07 10:39:09', '2017-02-07 10:39:09'),
(15, 7, 'Florentine', 'ÙÙ„ÙˆØ±Ø§Ù†ØªÙŠÙ†', '2 eggs, spinach, mushrooms, mozzarella cheese', 'Ø¨ÙŠØ¶ØªØ§Ù†ØŒ Ø³Ø¨Ø§Ù†Ø®ØŒ Ù…Ø´Ø±ÙˆÙ…ØŒ Ø¬Ø¨Ù†Ø© Ù…ÙˆØªØ²Ø§Ø±ÙŠÙ„Ø§', 1, '130', '3.5', 'menuitems/1478765402.png', '27', 'QR', 1, 3, '2017-02-07 10:48:56', '2017-02-07 10:48:56'),
(16, 7, 'Western', 'ÙˆÙŠØ³ØªØ±Ù†', 'Eggs, smoked turkey, mixed pepper, onion, Ceasar sauce', 'Ø¨ÙŠØ¶ØŒ ØªØ±ÙƒÙŠ Ù…Ø¯Ø®Ù†ØŒ ÙÙ„ÙÙ„ Ù…Ø´ÙƒÙ„ØŒ Ø¨ØµÙ„ØŒ ØµÙˆØµ Ø§Ù„Ø³ÙŠØ²Ø±', 1, '130', '3.5', 'menuitems/1478765460.png', '33', 'QR', 1, 3, '2017-02-07 10:49:28', '2017-02-07 10:49:28'),
(17, 12, 'Mon Cherry', 'Ù…ÙˆÙ† Ø´ÙŠØ±ÙŠ', 'Cherry syrup, Orange juice, Apple juice.', 'Ø³ÙŠØ±Ø¨ Ø§Ù„ÙƒØ±Ø²ØŒ Ø¹ØµÙŠØ± Ø¨Ø±ØªÙ‚Ø§Ù„ØŒ Ø¹ØµÙŠØ± ØªÙØ§Ø­', 0, '130', '3.5', 'menuitems/1478765552.png', '16', 'QR', 0, 0, '2017-02-07 10:53:41', '2017-02-07 10:53:41'),
(18, 12, 'Caribbean Passion', 'ÙƒØ§Ø±ÙŠØ¨ÙŠØ§Ù† Ø¨Ø§Ø´Ù†', 'Passion fruit purÃ©e, Caribbean syrup, mint syrup, soda', 'Ø§Ù„Ø¨Ø§Ø´ÙŠÙ†ØŒ Ø³ÙŠØ±Ø¨ Ø§Ù„ÙƒØ§Ø±ÙŠØ¨ÙŠØŒ Ø³ÙŠØ±Ø¨ Ø§Ù„Ù†Ø¹Ù†Ø§Ø¹ØŒ ØµÙˆØ¯Ø§', 0, '130', '3.5', 'menuitems/1478765629.png', '14', 'QR', 0, 0, '2017-02-07 10:54:41', '2017-02-07 10:54:41'),
(19, 12, 'Sodaberry', 'ØµÙˆØ¯Ø§Ø¨ÙŠØ±ÙŠ', 'Raspberry purÃ©e, strawberry syrup, lemon, soda.', 'ØªÙˆØª Ø§Ù„Ø¹Ù„ÙŠÙ‚ØŒ Ø³ÙŠØ±Ø¨ Ø§Ù„ÙØ±Ø§ÙˆÙ„Ø©ØŒ Ù„ÙŠÙ…ÙˆÙ†ØŒ ØµÙˆØ¯Ø§', 0, '130', '3.5', 'menuitems/1478765744.png', '14', 'QR', 0, 0, '2017-02-07 10:54:11', '2017-02-07 10:54:11'),
(20, 16, 'Ferrero', 'ÙÙŠØ±ÙŠØ±Ùˆ', '', 'Ø¬ÙŠÙ„Ø§ØªÙˆ Ø´ÙˆÙƒÙˆÙ„Ø§ØªÙ‡ØŒ Ø¬ÙŠÙ„Ø§ØªÙˆ Ø¨Ù†Ø¯Ù‚ ØŒ Ø´ÙˆÙƒÙˆÙ„Ø§ØªÙ‡ ÙÙŠØ±ÙŠØ±Ùˆ ØŒ ØµÙ„ØµØ© Ø´ÙˆÙƒÙˆÙ„Ø§ØªÙ‡ ØŒ ÙƒØ±ÙŠÙ…Ø© Ù…Ø®ÙÙˆÙ‚Ø©', 0, '130', '3.5', 'menuitems/1478765828.png', '18', 'QR', 1, 4, '2017-02-07 11:00:54', '2017-02-07 11:00:54'),
(21, 16, 'Ferrero Small', '(ØµØºÙŠØ±)ÙÙŠØ±ÙŠØ±Ùˆ', '', 'Ø¬ÙŠÙ„Ø§ØªÙˆ Ø´ÙˆÙƒÙˆÙ„Ø§ØªÙ‡ØŒ Ø¬ÙŠÙ„Ø§ØªÙˆ Ø¨Ù†Ø¯Ù‚ ØŒ Ø´ÙˆÙƒÙˆÙ„Ø§ØªÙ‡ ÙÙŠØ±ÙŠØ±Ùˆ ØŒ ØµÙ„ØµØ© Ø´ÙˆÙƒÙˆÙ„Ø§ØªÙ‡ ØŒ ÙƒØ±ÙŠÙ…Ø© Ù…Ø®ÙÙˆÙ‚Ø©', 0, '130', '3.5', 'menuitems/1478765888.png', '14', 'QR', 1, 4, '2017-02-04 07:01:08', '2017-02-04 07:01:08'),
(22, 16, 'Chocolate madness small', '(ØµØºÙŠØ±)ØªØ´ÙˆÙƒÙ„ÙŠØª Ù…Ø§Ø¯Ù†ÙŠØ³', '', 'Ø¬ÙŠÙ„Ø§ØªÙˆ Ø´ÙˆÙƒÙˆÙ„Ø§ØªÙ‡ Ø¯Ø§ÙƒÙ†Ø©ØŒ Ø¬ÙŠÙ„Ø§ØªÙˆ Ø´ÙˆÙƒÙˆÙ„Ø§ØªÙ‡ ØŒ Ø¬ÙŠÙ„Ø§ØªÙˆ Ù†ÙˆØªÙŠÙ„Ø§ØŒ Ø´ÙˆÙƒÙˆÙ„Ø§ØªÙ‡ ÙƒØ³Ø² ØŒ ØµÙ„ØµØ© Ø´ÙˆÙƒÙˆÙ„Ø§ØªÙ‡ ØµÙ„ØµØ© Ù†ÙˆØªÙŠÙ„Ø§ØŒ ÙƒØ±ÙŠÙ…Ø© Ù…Ø®ÙÙˆÙ‚Ø©', 0, '130', '3.5', 'menuitems/1478765959.png', '14', 'QR', 1, 4, '2017-02-04 06:59:44', '2017-02-04 06:59:44'),
(23, 16, 'Chocolate madness-large', '(ÙƒØ¨ÙŠØ±)ØªØ´ÙˆÙƒÙ„ÙŠØª Ù…Ø§Ø¯Ù†ÙŠØ³', '', 'Ø¬ÙŠÙ„Ø§ØªÙˆ Ø´ÙˆÙƒÙˆÙ„Ø§ØªÙ‡ Ø¯Ø§ÙƒÙ†Ø©ØŒ Ø¬ÙŠÙ„Ø§ØªÙˆ Ø´ÙˆÙƒÙˆÙ„Ø§ØªÙ‡ ØŒ Ø¬ÙŠÙ„Ø§ØªÙˆ Ù†ÙˆØªÙŠÙ„Ø§ØŒ Ø´ÙˆÙƒÙˆÙ„Ø§ØªÙ‡ ÙƒØ³Ø² ØŒ ØµÙ„ØµØ© Ø´ÙˆÙƒÙˆÙ„Ø§ØªÙ‡ ØµÙ„ØµØ© Ù†ÙˆØªÙŠÙ„Ø§ØŒ ÙƒØ±ÙŠÙ…Ø© Ù…Ø®ÙÙˆÙ‚Ø©', 0, '130', '3.5', 'menuitems/1478766030.png', '18', 'QR', 1, 4, '2017-02-04 06:59:03', '2017-02-04 06:59:03'),
(24, 16, 'Banoffee - small', '(ØµØºÙŠØ±)Ø¨Ø§Ù†ÙˆÙÙŠ', '', 'Ø¬ÙŠÙ„Ø§ØªÙˆ ÙƒØ±Ø§Ù…ÙŠÙ„ ØŒ Ø¬ÙŠÙ„Ø§ØªÙˆ Ø´ÙˆÙƒÙˆÙ„Ø§ØªÙ‡ ØŒ Ø´Ø±Ø§Ø¦Ø­ Ù…ÙˆØ² ØŒ ØµÙ„ØµØ© Ø§Ù„ÙƒØ±Ø§Ù…ÙŠÙ„ØŒ Ù‚Ø·Ø¹ Ø§Ù„Ø´ÙˆÙƒÙˆÙ„Ø§ØªÙ‡ Ø´Ø±Ø§Ø¦Ø· Ø§Ù„ÙƒØ±ÙŠØ¨ØŒ ÙƒØ±ÙŠÙ…Ø© Ù…Ø®ÙÙˆÙ‚Ø©', 0, '130', '3.5', 'menuitems/1478766259.png', '14', 'QR', 1, 4, '2017-02-07 11:09:00', '2017-02-07 11:09:00'),
(25, 16, 'Banoffee large', '(ÙƒØ¨ÙŠØ±)Ø¨Ø§Ù†ÙˆÙÙŠ', '', 'Ø¬ÙŠÙ„Ø§ØªÙˆ ÙƒØ±Ø§Ù…ÙŠÙ„ ØŒ Ø¬ÙŠÙ„Ø§ØªÙˆ Ø´ÙˆÙƒÙˆÙ„Ø§ØªÙ‡ ØŒ Ø´Ø±Ø§Ø¦Ø­ Ù…ÙˆØ² ØŒ ØµÙ„ØµØ© Ø§Ù„ÙƒØ±Ø§Ù…ÙŠÙ„ØŒ Ù‚Ø·Ø¹ Ø§Ù„Ø´ÙˆÙƒÙˆÙ„Ø§ØªÙ‡ Ø´Ø±Ø§Ø¦Ø· Ø§Ù„ÙƒØ±ÙŠØ¨ØŒ ÙƒØ±ÙŠÙ…Ø© Ù…Ø®ÙÙˆÙ‚Ø©', 0, '130', '3.5', 'menuitems/1478766327.png', '18', 'QR', 1, 4, '2017-02-07 11:08:13', '2017-02-07 11:08:13'),
(26, 15, 'The Three Musketeers', 'Ø§Ù„ÙØ±Ø³Ø§Ù† Ø§Ù„Ø«Ù„Ø§Ø«Ø©', 'SAVOURY CREPE Cheddar cheese,Mozzarella cheese, Edam cheese. SHAKE-LICIOUS(Chocolate,Vanilla or Strawberry ate sauce).', 'Ø¬Ø¨Ù†Ø© Ø´ÙŠØ¯Ø±ØŒ Ø¬Ø¨Ù†Ø© Ù…ÙˆØªØ²Ø§Ø±ÙŠÙ„Ø§ØŒØŒ Ø¬Ø¨Ù†Ø© Ø¥Ø¯Ø§Ù…', 0, '130', '3.5', 'menuitems/1478768464.png', '18', 'QR', 0, 0, '2017-02-07 11:16:51', '2017-02-07 11:16:51'),
(27, 15, 'S mores', 'Ø³Ù…ÙˆØ±Ø²', 'SWEET CREPE Nutella, Marshmallow,Crushed Graham cracker.SHAKE-LICIOUS( Chocolate,Vanilla or Strawberry ate sauce)', 'Ù†ÙˆØªÙŠÙ„Ø§ØŒ Ù…Ø§Ø±Ø´Ù…ÙŠÙ„ÙˆØŒ ÙƒØ³Ø±Ø§Øª Ù…Ù† Ø¨Ø³ÙƒÙˆÙŠØª Ø¬Ø±Ø§Ù‡Ø§Ù…', 0, '130', '3.5', 'menuitems/1478768591.png', '20', 'QR', 0, 0, '2017-02-07 11:18:29', '2017-02-07 11:18:29'),
(28, 15, 'Margarita', 'Ù…Ø§Ø±ØºØ±ÙŠØªØ§', 'SAVOURY CREPE Mozzarella, Oregano, Pizza sauce SHAKE-LICIOUS( Chocolate,Vanilla or Strawberry ate sauce)', 'Ø§Ù„Ø·Ø¹Ø§Ù… Ø§Ù„Ù…Ø´Ù‡ÙŠ ÙƒØ±ÙŠØ¨ Ø¬Ø¨Ù† Ù…ÙˆØ²Ø§Ø±ÙŠÙ„Ø§ØŒ Ø§Ù„Ø£ÙˆØ±ÙŠØ¬Ø§Ù†ÙˆØŒ Ø¨ÙŠØªØ²Ø§ ØµÙ„ØµØ© Ù‡Ø²Ø©-ÙŠØ³Ø§ÙŠÙˆØ³ (Ø§Ù„Ø´ÙˆÙƒÙˆÙ„Ø§ØªÙ‡ØŒ Ø§Ù„ÙØ§Ù†ÙŠÙ„Ø§ Ø£Ùˆ Ø§Ù„ÙØ±Ø§ÙˆÙ„Ø©  Ø£ÙƒÙ„ ØµÙ„ØµØ©)', 0, '130', '3.5', 'menuitems/1478768797.png', '18', 'QR', 0, 0, '2016-11-10 03:36:37', '2016-11-14 00:23:24'),
(29, 15, 'El Delicioso', 'Ø§Ù„ Ø¯Ù„ÙŠØ³ÙŠÙˆØ³Ùˆ', 'SAVOURY CREPE Chicken, Cheddar cheese, Sweet corn, Sour cream. SHAKE-LICIOUS ( Chocolate, Vanilla or Strawberry ate sauce ).', 'Ø¯Ø¬Ø§Ø¬ØŒ Ø¬Ø¨Ù†Ø© Ø´ÙŠØ¯Ø±ØŒ Ø°Ø±Ø© Ø­Ù„ÙˆØ©ØŒ ÙƒØ±ÙŠÙ…Ø© Ø­Ø§Ù…Ø¶Ø©', 0, '130', '3.5', 'menuitems/1478768949.png', '18', 'QR', 0, 0, '2017-02-07 11:19:39', '2017-02-07 11:19:39'),
(30, 13, 'Golden Dream Cold', 'Ø¬ÙˆÙ„Ø¯Ù† Ø¯Ø±ÙŠÙ… Ø§Ù„Ø¨Ø§Ø±Ø¯', 'Caramel Sauce, Hazelnut syrup,Milk,Espresso', 'ØµÙˆØµ Ø§Ù„ÙƒØ±Ø§Ù…ÙŠÙ„ØŒ Ø³ÙŠØ±Ø¨ Ø§Ù„Ø¨Ù†Ø¯Ù‚ØŒ Ø­Ù„ÙŠØ¨ØŒ Ø§Ø³Ø¨Ø±ÙŠØ³Ùˆ', 0, '130', '3.5', 'menuitems/1478769079.png', '20', 'QR', 0, 0, '2017-02-15 11:57:30', '2017-02-15 11:57:30'),
(31, 13, 'A Cinnamon tale cold', 'Ø³ÙŠÙ†Ø§Ù…ÙˆÙ† ØªÙŠÙ„', 'Vanilla syrup, Cinnamon syrup, Milk, Espresso.', 'Ø³ÙŠØ±Ø¨ Ø§Ù„ÙØ§Ù†ÙŠÙ„Ø§ØŒ Ø³ÙŠØ±Ø¨ Ø§Ù„Ù‚Ø±ÙØ©ØŒ Ø­Ù„ÙŠØ¨ØŒ Ø§Ø³Ø¨Ø±ÙŠØ³Ùˆ', 0, '130', '3.5', 'menuitems/1478769213.png', '18', 'QR', 0, 0, '2017-02-07 11:24:04', '2017-02-07 11:24:04'),
(32, 19, 'Golden Dream Hot', 'Ø¬ÙˆÙ„Ø¯Ù† Ø¯Ø±ÙŠÙ… Ø§Ù„Ø³Ø§Ø®Ù†', 'Caramel Sauce, Hazelnut syrup, Milk, Espresso.', 'ØµÙˆØµ Ø§Ù„ÙƒØ±Ø§Ù…ÙŠÙ„ØŒ Ø³ÙŠØ±Ø¨ Ø§Ù„Ø¨Ù†Ø¯Ù‚ØŒ Ø­Ù„ÙŠØ¨ØŒ Ø§Ø³Ø¨Ø±ÙŠØ³Ùˆ', 0, '130', '3.5', 'menuitems/1478769302.png', '20', 'QR', 0, 0, '2017-02-07 11:24:28', '2017-02-07 11:24:28'),
(33, 13, 'La Vie En rose', 'Ù„Ø§ÙÙŠ Ø¥Ù† Ø±ÙˆØ²-Ø³Ø§Ø®Ù†', 'Rose syrup, Caramel syrup, Milk, Espresso.', 'Ø³ÙŠØ±Ø¨ Ø§Ù„Ø²Ù‡ÙˆØ±ØŒ Ø³ÙŠØ±Ø¨ Ø§Ù„ÙƒØ±Ø§Ù…ÙŠÙ„ØŒ Ø­Ù„ÙŠØ¨ØŒ Ø§Ø³Ø¨Ø±ÙŠØ³Ùˆ', 0, '130', '3.5', 'menuitems/1478769366.png', '18', 'QR', 0, 0, '2017-02-07 11:24:55', '2017-02-07 11:24:55'),
(34, 11, 'Super Club', 'Ø³ÙˆØ¨Ø± ÙƒÙ„ÙˆØ¨', 'Grilled chicken, turkey bacon, cheddar cheese, fresh tomato, romaine lettuce, Caesar sauce served in white toasted bread.', 'Ø¯Ø¬Ø§Ø¬ Ù…Ø´ÙˆÙŠØŒ Ù„Ø­Ù… ØªØ±ÙƒÙŠ Ù…Ù‚Ø¯Ø¯ ØŒ Ø¬Ø¨Ù†Ø© Ø´ÙŠØ¯Ø± ØŒ Ø·Ù…Ø§Ø·Ù… Ø·Ø§Ø²Ø¬Ø© Ø®Ø³ Ø±ÙˆÙ…Ø§Ù†ÙŠØŒ ØµÙˆØµ Ø³ÙŠØ²Ø± Ù…Ù‚Ø¯Ù…Ø© ÙÙŠ Ø®Ø¨Ø² ØªÙˆØ³Øª Ø£Ø¨ÙŠØ¶ Ù…Ø­Ù…Øµ.', 0, '130', '3.5', 'menuitems/1478769559.png', '39', 'QR', 0, 0, '2017-02-07 11:34:31', '2017-02-07 11:34:31'),
(35, 11, 'Dijon Turkey', 'Ø¯ÙŠØ¬ÙˆÙ† ØªØ±ÙƒÙŠ', 'Turkey, parmesan cheese,rocca leaves,dijon lemon sauce served in brown baguette bread.', '.ØªØ±ÙƒÙŠØŒ Ø¬Ø¨Ù†Ø© Ø¨Ø§Ø±Ù…ÙŠØ²Ø§Ù†ØŒ Ø¬Ø±Ø¬ÙŠØ±ØŒ ØµÙ„ØµØ© Ù„ÙŠÙ…ÙˆÙ† Ùˆ Ø®Ø±Ø¯Ù„ Ù…Ù‚Ø¯Ù…Ø© ÙÙŠ Ø§Ù„Ø¨Ø§Ø¬ÙŠØª Ø§ Ø³Ù…Ø±', 0, '130', '3.5', 'menuitems/1478769639.png', '30', 'QR', 0, 0, '2017-02-07 11:34:58', '2017-02-07 11:34:58'),
(36, 11, 'Mozzarella', 'Ù…ÙˆØªØ²Ø§Ø±ÙŠÙ„Ø§', 'Mozzarella, black olive tapenade, sundried tomato Puree, fresh basil served in grilled ciabatta bread.', '.Ø¬Ø¨Ù†Ø© Ù…ÙˆØªØ²Ø§Ø±ÙŠÙ„Ø§ØŒ Ø²ÙŠØªÙˆÙ† Ø£Ø³ÙˆØ¯ØŒ Ù…Ø¹Ø¬ÙˆÙ† Ø·Ù…Ø§Ø·Ù… Ù…Ø¬ÙÙØŒ Ø±ÙŠØ­Ø§Ù† Ø·Ø§Ø²Ø¬ Ù…Ù‚Ø¯Ù… ÙÙŠ Ø®Ø¨Ø² Ø´ÙŠØ¨Ø§ØªØ§ Ù…Ø­Ù…Øµ', 0, '130', '3.5', 'menuitems/1478769709.png', '35', 'QR', 0, 0, '2017-02-07 11:35:27', '2017-02-07 11:35:27'),
(37, 11, 'Tuna', 'ØªÙˆÙ†Ø§', 'Tuna salad, rocca leaves, balsamic sauce served in brown baguette bread.', 'Ø³Ù„Ø·Ø© ØªÙˆÙ†Ø§ØŒ ÙˆØ±Ù‚ Ø¬Ø±Ø¬ÙŠØ±ØŒ ØµÙ„ØµÙ„Ø© Ø¨Ù„Ø³Ù…Ùƒ Ù…Ù‚Ø¯Ù…Ø© ÙÙŠ Ø§Ù„Ø¨Ø§Ø¬ÙŠØª Ø§ Ø³Ù…Ø±', 0, '130', '3.5', 'menuitems/1478769769.png', '28', 'QR', 0, 0, '2017-02-07 11:35:54', '2017-02-07 11:35:54'),
(38, 8, 'Greek Salad', 'ØºØ±ÙŠÙƒ', 'Romaine lettuce, fresh tomato, cucumber, mix bell pepper, Red onion, black olives, feta cheese, cilantro', 'Ø®Ø³ Ø±ÙˆÙ…Ø§Ù†ÙŠØŒ Ø·Ù…Ø§Ø·Ù… Ø·Ø§Ø²Ø¬Ø©ØŒ Ø®ÙŠØ§Ø±ØŒ ÙÙ„ÙÙ„ Ø­Ù„Ùˆ Ù…Ø´ÙƒÙ„ØŒ Ø¨ØµÙ„ Ø£Ø­Ù…Ø± Ø²ÙŠØªÙˆÙ† Ø£Ø³ÙˆØ¯ Ø¬Ø¨Ù†Ø© ÙÙŠØªØ§ Ùˆ ØµÙ„ØµØ© ÙƒÙŠÙ„Ø§Ù†ØªØ±Ùˆ', 0, '130', '3.5', 'menuitems/1478769858.png', '30', 'QR', 1, 3, '2017-02-07 11:37:01', '2017-02-07 11:37:01'),
(39, 8, 'Couscous Salad', 'ÙƒØ³ÙƒØ³', 'Couscous, tomato, onion, cucumber, Parsley, Mint, feta cheese. Lemon & Olive oil', 'ÙƒØ³ÙƒØ³ØŒ Ø·Ù…Ø§Ø·Ù…ØŒ Ø¨ØµÙ„ØŒ Ø®ÙŠØ§Ø±ØŒ Ø¨Ù‚Ø¯ÙˆÙ†Ø³ØŒ Ù†Ø¹Ù†Ø§Ø¹ØŒ Ø¬Ø¨Ù†Ø© ÙÙŠØªØ§ Ù„ÙŠÙ…ÙˆÙ† Ùˆ Ø²ÙŠØª Ø²ÙŠØªÙˆÙ†', 0, '130', '3.5', 'menuitems/1478769919.png', '30', 'QR', 1, 3, '2017-02-07 11:37:33', '2017-02-07 11:37:33'),
(40, 8, 'Caesar Salad', 'Ø³ÙŠØ²Ø±', 'Crisp heart of romaine lettuce, crunchy croutons, parmesan, Caesar light dressing.', 'ÙƒØ³ÙƒØ³ØŒ Ø·Ù…Ø§Ø·Ù…ØŒ Ø¨ØµÙ„ØŒ Ø®ÙŠØ§Ø±ØŒ Ø¨Ù‚Ø¯ÙˆÙ†Ø³ØŒ Ù†Ø¹Ù†Ø§Ø¹ØŒ Ø¬Ø¨Ù†Ø© ÙÙŠØªØ§ Ù„ÙŠÙ…ÙˆÙ† Ùˆ Ø²ÙŠØª Ø²ÙŠØªÙˆÙ†', 0, '130', '3.5', 'menuitems/1478769975.png', '31', 'QR', 1, 3, '2017-02-07 11:38:08', '2017-02-07 11:38:08'),
(41, 9, 'Viva La Crepe', 'ÙÙŠÙØ§ Ù„Ø§ ÙƒØ±ÙŠØ¨', 'Chicken, mushroom, rocca leaves, tomato, Mozzarella cheese, pesto sauce.', 'Ø¯Ø¬Ø§Ø¬ØŒ Ù…Ø´Ø±ÙˆÙ…ØŒ Ø¬Ø±Ø¬ÙŠØ±ØŒ Ø·Ù…Ø§Ø·Ù…ØŒ Ø¬Ø¨Ù†Ø© Ù…ÙˆØªØ²Ø§Ø±ÙŠÙ„Ø§ØŒ ØµÙ„ØµØ© Ø¨ÙŠØ³ØªÙˆ', 1, '130', '3.5', 'menuitems/1478770267.png', '34', 'QR', 1, 3, '2017-02-07 11:39:47', '2017-02-07 11:39:47'),
(42, 9, 'Chicken Teriyaki', 'Ø¯Ø¬Ø§Ø¬ ØªØ±ÙŠØ§ÙƒÙŠ', 'Chicken, romaine lettuce, tomato, mushroom, onion, mozzarella cheese, teriyaki sauce.', 'Ø¯Ø¬Ø§Ø¬ØŒ Ø®Ø³ Ø±ÙˆÙ…Ø§Ù†ÙŠØŒ Ø·Ù…Ø§Ø·Ù…ØŒ Ù…Ø´Ø±ÙˆÙ…ØŒ Ø¨ØµÙ„ØŒ Ø¬Ø¨Ù†Ø© Ù…ÙˆØªØ²Ø§Ø±ÙŠÙ„Ø§ØŒ ØµÙ„ØµØ© ØªØ±ÙŠØ§ÙƒÙŠ', 1, '130', '3.5', 'menuitems/1478770347.png', '32', 'QR', 1, 3, '2017-02-07 11:40:14', '2017-02-07 11:40:14'),
(43, 9, 'Mexicana beef', 'Ù…ÙƒØ³ÙŠÙƒØ§Ù†Ø§ Ù„Ø­Ù…', 'Beef or chicken, red beans, bell peppers, onion, cheddar cheese, sour cream, And verde salsa.', 'Ù„Ø­Ù…ØŒ ÙØ§ØµÙˆÙ„ÙŠØ§Ø¡ Ø­Ù…Ø±Ø§Ø¡ØŒ ÙÙ„ÙÙ„ Ø­Ù„ÙˆØŒ Ø¨ØµÙ„ØŒ Ø¬Ø¨Ù†Ø© Ø´ÙŠØ¯Ø±ØŒ ÙƒØ±ÙŠÙ…Ø© Ø­Ø§Ù…Ø¶Ø© Ùˆ ØµÙ„ØµØ© Ø§Ù„ÙÙŠØ±Ø¯ÙŠ', 1, '130', '3.5', 'menuitems/1478770444.png', '40', 'QR', 1, 3, '2017-02-07 11:42:10', '2017-02-07 11:42:10'),
(44, 10, 'Nutella licious', 'Ù†ÙˆØªÙŠÙ„Ø§ - Ù„ÙŠØ´Ø²', 'Hazelnut chocolate.', 'Ø´ÙˆÙƒÙˆÙ„Ø§ØªØ© Ø¨Ø§Ù„Ø¨Ù†Ø¯Ù‚', 1, '130', '3.5', 'menuitems/1478770525.png', '25', 'QR', 1, 4, '2017-02-07 11:51:13', '2017-02-07 11:51:13'),
(45, 10, 'Black And White', 'Ø£Ø³ÙˆØ¯ Ùˆ Ø£Ø¨ÙŠØ¶', 'Nutella, freshly sliced banana', 'Ù†ÙˆØªÙŠÙ„Ø§ØŒ Ø´Ø±Ø§Ø¦Ø­ Ù…ÙˆØ² Ø·Ø§Ø²Ø¬Ø©', 1, '130', '3.5', 'menuitems/1478770583.png', '30', 'QR', 1, 4, '2017-02-07 11:51:47', '2017-02-07 11:51:47'),
(46, 10, 'Black And Red', 'Ø£Ø³ÙˆØ¯ Ùˆ Ø£Ø­Ù…Ø±', 'Nutella & fresh strawberries', 'Ù†ÙˆØªÙŠÙ„Ø§ØŒ ÙØ±Ø§ÙˆÙ„Ø© Ø·Ø§Ø²Ø¬Ø©', 1, '130', '3.5', 'menuitems/1478770650.png', '32', 'QR', 1, 4, '2017-02-07 11:52:15', '2017-02-07 11:52:15'),
(50, 10, 'Tuttie â€“ Fruittie', 'ØªÙˆØªÙŠ - ÙØ±ÙˆØªÙŠ', 'Spinach, tomato, feta, feta dressing', 'Ù†ÙˆØªÙŠÙ„Ø§ØŒ Ù…ÙˆØ² Ø·Ø§Ø²Ø¬ØŒ ÙØ±Ø§ÙˆÙ„Ø© Ø·Ø§Ø²Ø¬Ø©', 1, '130', '3.5', 'menuitems/20161129123929.png', '33', 'QR', 1, 4, '2017-02-07 11:54:11', '2017-02-07 11:54:11'),
(51, 10, 'Rocky Road', 'Ø±ÙˆÙƒÙŠ Ø±ÙˆÙˆØ¯', 'Brownie, marshmallow, chocolate sauce', 'Ø¨Ø±Ø§ÙˆÙ†ÙŠØ²ØŒ Ù…Ø§Ø±Ø´Ù…ÙŠÙ„ÙˆØŒ ØµÙ„ØµØ© Ø§Ù„Ø´ÙˆÙƒÙˆÙ„Ø§ØªØ©', 1, '130', '3.5', 'menuitems/20161129124049.png', '33', 'QR', 1, 4, '2017-02-07 11:54:45', '2017-02-07 11:54:45'),
(52, 10, 'Fruit Patisserie', 'ÙØ·ÙŠØ±Ø© Ø§Ù„ÙÙˆØ§ÙƒÙ‡', 'Custard, fresh strawberries or fresh banana', 'ÙƒØ§Ø³ØªØ±Ø¯ØŒ ÙØ±Ø§ÙˆÙ„Ø© Ø·Ø§Ø²Ø¬Ø© Ø£Ùˆ Ù…ÙˆØ² Ø·Ø§Ø²Ø¬', 1, '130', '3.5', 'menuitems/20161129124207.png', '30', 'QR', 1, 4, '2017-02-07 11:55:16', '2017-02-07 11:55:16'),
(53, 10, 'Caramel Apple', 'ØªÙØ§Ø­ Ø¨Ø§Ù„ÙƒØ±Ø§Ù…ÙŠÙ„', 'Caramel, apple, cinnamon powder, Walnuts, cream cheese frost..', 'ÙƒØ±Ø§Ù…ÙŠÙ„ØŒ ØªÙØ§Ø­ØŒ Ø¨ÙˆØ¯Ø±Ø© Ø§Ù„Ù‚Ø±ÙØ©ØŒ Ø¬ÙˆØ²ØŒ ÙƒØ±ÙŠÙ…Ø© Ø§Ù„Ø¬Ø¨Ù† Ø§Ù„Ù…Ø­Ù„Ù‰', 1, '130', '3.5', 'menuitems/20161129124302.png', '33', 'QR', 1, 4, '2017-02-07 11:55:44', '2017-02-07 11:55:44'),
(54, 10, 'Banoffee', 'Ø¨Ø§Ù†ÙˆÙÙŠ', 'Sliced bananas, toffee and Chocolate sauce.', 'Ø´Ø±Ø§Ø¦Ø­ Ù…ÙˆØ²ØŒ ØªÙˆÙÙŠ Ùˆ ØµÙ„ØµØ© Ø§Ù„Ø´ÙˆÙƒÙˆÙ„Ø§ØªØ©', 1, '130', '3.5', 'menuitems/20161129124404.png', '30', 'QR', 1, 4, '2017-02-07 11:56:18', '2017-02-07 11:56:18'),
(55, 10, 'Suzette', 'Ø³ÙˆØ²ÙŠØª', 'Caramelized orange, orange syrup, custard', 'Ø¨Ø±ØªÙ‚Ø§Ù„ Ø¨Ø§Ù„ÙƒØ±Ø§Ù…ÙŠÙ„ØŒ Ø³ÙŠØ±ÙˆØ¨ Ø§Ù„Ø¨Ø±ØªÙ‚Ø§Ù„ØŒ ÙƒØ§Ø³ØªØ±Ø¯', 1, '130', '3.5', 'menuitems/20161129124506.png', '30', 'QR', 1, 4, '2017-02-07 11:56:49', '2017-02-07 11:56:49'),
(56, 10, 'Mango', 'Ù…Ø§Ù†Ø¬Ø§', 'Sliced mango, whipped cream, custard.', 'Ø´Ø±Ø§Ø¦Ø­ Ù…Ø§Ù†Ø¬Ø§ØŒ ÙƒØ±ÙŠÙ…Ø© Ù…Ø®ÙÙˆÙ‚Ø©ØŒ ÙƒØ§Ø³ØªØ±Ø¯', 1, '130', '3.5', 'menuitems/20161129124555.png', '33', 'QR', 1, 4, '2017-02-07 11:57:18', '2017-02-07 11:57:18'),
(57, 10, 'Layali Lebnan', 'Ù„ÙŠØ§Ù„ÙŠ Ù„Ø¨Ù†Ø§Ù†', 'Chocolate, Dark Chocolate, Chocolate Souce, Vanilla and Banana', 'Ø­Ù„ÙŠØ¨ØŒ Ù‚Ø´Ø·Ø©ØŒ ÙØ³ØªÙ‚ Ø­Ù„Ø¨ÙŠ', 1, '130', '3.5', 'menuitems/20161129124923.png', '35', 'QR', 1, 4, '2017-02-07 11:58:11', '2017-02-07 11:58:11'),
(58, 9, 'Popeye', 'Ø¨ÙˆØ¨ Ø¢ÙŠ', 'Spinach, tomato, feta, feta dressing.', 'Ø³Ø¨Ø§Ù†Ø®ØŒ Ø·Ù…Ø§Ø·Ù…ØŒ Ø¬Ø¨Ù†Ø© ÙÙŠØªØ§ØŒ ØµÙ„ØµØ© ÙÙŠØªØ§', 1, '130', '3.5', 'menuitems/20161129125431.png', '31', 'QR', 1, 3, '2017-02-07 11:42:37', '2017-02-07 11:42:37'),
(59, 9, 'Thai Mai', 'ØªØ§ÙŠ Ù…Ø§ÙŠ', 'Chicken in spicy thai sauce, cucumber, carrot, Onion, sesame seeds,\r\nbasil, mozzarella cheese, thai sauce.', 'Ø¯Ø¬Ø§Ø¬ Ù…ØªØ¨Ù„ Ø¨ØµÙ„ØµØ© ØªØ§ÙŠ Ø§Ù„Ø­Ø§Ø±Ø©ØŒ Ø®ÙŠØ§Ø±ØŒ Ø¬Ø²Ø±ØŒ Ø¨ØµÙ„ØŒ Ø³Ù…Ø³Ù…ØŒ Ø±ÙŠØ­Ø§Ù†ØŒ Ù…ÙˆØªØ²Ø§Ø±ÙŠÙ„Ø§ ØµÙ„ØµØ© Ø§Ù„ØªØ§ÙŠ', 1, '130', '3.5', 'menuitems/20161129130054.png', '32', 'QR', 1, 3, '2017-02-07 11:43:03', '2017-02-07 11:43:03'),
(60, 9, 'Chipotle Chicken', 'Ø¯Ø¬Ø§Ø¬ ØªØ´ÙŠØ¨ÙˆØªÙ„ÙŠ', 'Chicken, tomato, peppers, romaine lettuce, onion, mozzarella cheese, chipotle sauce.', 'Ø¯Ø¬Ø§Ø¬ØŒ Ø·Ù…Ø§Ø·Ù…ØŒ ÙÙ„ÙÙ„ Ø­Ù„ÙˆØŒ Ø®Ø³ Ø±ÙˆÙ…Ø§Ù†ÙŠØŒ Ø¨ØµÙ„ØŒ Ø¬Ø¨Ù†Ø© Ù…ÙˆØªØ²Ø§Ø±ÙŠÙ„Ø§ ØµÙ„ØµØ© ØªØ´ÙŠØ¨ÙˆØªÙ„ÙŠ', 1, '130', '3.5', 'menuitems/20161129130306.png', '32', 'QR', 1, 3, '2017-02-07 11:44:05', '2017-02-07 11:44:05'),
(61, 9, 'Mexicana Chicken', 'Ù…ÙƒØ³ÙŠÙƒØ§Ù†Ø§ Ø¯Ø¬Ø§Ø¬', 'chicken, red beans, bell peppers, onion, cheddar cheese, sour cream, And verde salsa.', 'Ø¯Ø¬Ø§Ø¬ØŒ ÙØ§ØµÙˆÙ„ÙŠØ§Ø¡ Ø­Ù…Ø±Ø§Ø¡ØŒ ÙÙ„ÙÙ„ Ø­Ù„ÙˆØŒ Ø¨ØµÙ„ØŒ Ø¬Ø¨Ù†Ø© Ø´ÙŠØ¯Ø±ØŒ ÙƒØ±ÙŠÙ…Ø© Ø­Ø§Ù…Ø¶Ø© Ùˆ ØµÙ„ØµØ© Ø§Ù„ÙÙŠØ±Ø¯ÙŠ', 1, '130', '3.5', 'menuitems/20161129130433.png', '32', 'QR', 1, 3, '2017-02-07 11:44:33', '2017-02-07 11:44:33'),
(62, 9, 'Tuna Tango', 'ØªÙˆÙ†Ø§ ØªØ§Ù†Ø¬Ùˆ', 'Tuna , onion, rocca leaves, gruyere cheese, lemon Vinaigrette dressing.', 'ØªÙˆÙ†Ø§ØŒ Ø¨ØµÙ„ØŒ Ø¬Ø±Ø¬ÙŠØ±ØŒ Ø¬Ø¨Ù†Ø© ØºØ±ÙˆÙŠÙŠØ±ØŒ ØµÙ„ØµØ© Ø®Ù„ Ø§Ù„Ù„ÙŠÙ…ÙˆÙ†', 1, '130', '3.5', 'menuitems/20161129130535.png', '29', 'QR', 1, 3, '2017-02-07 11:44:57', '2017-02-07 11:44:57'),
(63, 9, 'Musakhan', 'Ù…Ø³Ø®Ù†', 'Chicken, Pine, lettuce', 'Ø¯Ø¬Ø§Ø¬ØŒ ØµÙ†ÙˆØ¨Ø±ØŒ Ø®Ø³', 1, '130', '3.5', 'menuitems/20161129130633.png', '35', 'QR', 1, 3, '2017-02-07 11:45:23', '2017-02-07 11:45:23'),
(64, 8, 'Caprese Verdure', 'ÙƒØ§Ø¨Ø±ÙŠØ²ÙŠ ÙÙŠØ±Ø¯ÙˆØ±ÙŠ', 'Fresh buffalo mozzarella, tomatoes, grilled aubergine, grilled zucchini, grilled yellow\r\ncapsicum, green pesto sauce, balsamic vinegar.', 'Ø¬Ø¨Ù†Ø© Ù…ÙˆØªØ²Ø§Ø±ÙŠÙ„Ø§ Ø¨ÙˆÙØ§Ù„Ùˆ Ø§Ù„Ø·Ø§Ø²Ø¬Ø©ØŒ Ø·Ù…Ø§Ø·Ù…ØŒ Ø¨Ø§Ø°Ù†Ø¬Ø§Ù† Ù…Ø´ÙˆÙŠØŒ ÙƒÙˆØ³Ù‡ Ù…Ø´ÙˆÙŠØ©ØŒ ÙÙ„ÙÙ„ Ø£ØµÙØ± Ù…Ø´ÙˆÙŠ ØµÙ„ØµØ© Ø¨Ø³ØªÙˆ Ø§Ù„Ø®Ø¶Ø±Ø§Ø¡ØŒ Ø®Ù„ Ø¨Ù„Ø³Ù…ÙŠÙƒ', 0, '130', '3.5', 'menuitems/20161129133625.png', '35', 'QR', 1, 3, '2017-02-07 11:38:48', '2017-02-07 11:38:48'),
(65, 8, 'Soup of the Day', 'Ø´ÙˆØ±Ø¨Ø© Ø§Ù„ÙŠÙˆÙ…', '', '', 0, '130', '3.5', 'menuitems/20161129133719.png', '25', 'QR', 1, 3, '2017-02-07 11:39:07', '2017-02-07 11:39:07'),
(66, 13, 'I\'m the Gingerbread man cold', 'Ø£Ù†Ø§ Ø±Ø¬Ù„ Ø®Ø¨Ø² Ø§Ù„Ø²Ù†Ø¬Ø¨ÙŠÙ„-Ø¨Ø§Ø±Ø¯', 'Dark chocolate sauce, Ginger syrup, Milk.', 'ØµÙˆØµ Ø§Ù„Ø´ÙˆÙƒÙˆÙ„Ø§ØªØ© Ø§Ù„Ø¯Ø§ÙƒÙ†Ø©ØŒ Ø³ÙŠØ±Ø¨ Ø§Ù„Ø²Ù†Ø¬Ø¨ÙŠÙ„ØŒ Ø­Ù„ÙŠØ¨', 0, '130', '3.5', 'menuitems/20161129134930.png', '16', 'QR', 0, 0, '2017-02-07 11:26:51', '2017-02-07 11:26:51'),
(67, 19, 'I\'m the Gingerbread man Hot', 'Ø£Ù†Ø§ Ø±Ø¬Ù„ Ø®Ø¨Ø² Ø§Ù„Ø²Ù†Ø¬Ø¨ÙŠÙ„-Ø³Ø§Ø®Ù†', 'Dark chocolate sauce, Ginger syrup, Milk.', 'ØªØ®ØªÙ„Ù Ø¹Ù†Ø§ØµØ± Ù‚Ø§Ø¦Ù…Ø© Ø§Ù„Ø·Ø¹Ø§Ù… Ø¨Ø­Ø³Ø¨ Ø§Ù„Ù…ÙˆÙ‚Ø¹. Ø§Ù„Ø£Ø³Ø¹Ø§Ø± Ù‚Ø§Ø¨Ù„Ø© Ù„Ù„ØªØºÙŠØ± Ø¨Ø¯ÙˆÙ† Ø¥Ø´Ø¹Ø§Ø±\r\nØ¥Ø¶Ø§ÙØ§Øª Ø¬Ø§Ù†Ø¨ÙŠØ© Ø§Ù„ÙƒØ±ÙŠØ¨ Ø§Ù„Ø­Ù„Ùˆ Ø§Ù„ÙƒØ±ÙŠØ¨ Ø§Ù„Ù…Ø§Ù„Ø­ Ø§Ù„Ø³Ù„Ø·Ø§Øª ÙØ·ÙˆØ± Ø§Ù„ÙƒØ±ÙŠØ¨\r\nØ§Ù„ÙƒÙˆÙƒØªÙŠÙ„  Ø³Ø§Ø®Ù†/ Ø¨Ø§Ø±Ø¯  Ø£Ø¹Ø¯ ØªØ¹Ø¨Ø¦Ø© Ù…Ø´Ø±ÙˆØ¨Ùƒ Ø¬ÙŠÙ„Ø§ØªÙˆØŒ Ø¹ØµØ§Ø¦Ø± Ù…Ø®ÙÙˆÙ‚Ø© Ùˆ Ø³Ù…ÙˆØ°ÙŠØ² Ù‚Ø§Ø¦Ù…Ø© Ø§Ù„Ø£Ø·ÙØ§Ù„ Ù…Ø´Ø±ÙˆØ¨Ø§Øª Ø³Ø§Ø®Ù†Ø© Ù„Ø§ØªÙŠÙ‡\r\nØµÙˆØµ Ø§Ù„Ø´ÙˆÙƒÙˆÙ„Ø§ØªØ© Ø§Ù„Ø¯Ø§ÙƒÙ†Ø©ØŒ Ø³ÙŠØ±Ø¨ Ø§Ù„Ø²Ù†Ø¬Ø¨ÙŠÙ„ØŒ Ø­Ù„ÙŠØ¨', 0, '130', '3.5', 'menuitems/20161129135351.png', '16', 'QR', 0, 0, '2017-02-07 11:26:24', '2017-02-07 11:26:24'),
(68, 13, 'La Vie En rose coldlla.', 'Ù„Ø§ÙÙŠ Ø¥Ù† Ø±ÙˆØ²-Ø¨Ø§Ø±Ø¯.', 'Rose syrup, Caramel syrup, Milk, Espresso. .', 'Ø§Ø±ØªÙØ¹ Ø´Ø±Ø§Ø¨ØŒ Ø´Ø±Ø§Ø¨ Ø§Ù„ÙƒØ±Ø§Ù…ÙŠÙ„ØŒ  Ø­Ù„ÙŠØ¨ØŒ Ø§Ø³Ø¨Ø±Ø³Ùˆ..', 0, '130', '3.5', 'menuitems/20161129135534.png', '18', 'QR', 0, 0, '2017-02-15 12:03:14', '2017-02-15 12:03:14'),
(69, 15, 'The Jolly Bee', 'Ø¬ÙˆÙ„ÙŠ Ø¨ÙŠ', 'SWEET CREPE Acacia Honey.\r\nSHAKE-LICIOUS ( Chocolate, Vanilla or Strawberry ate sauce ).', 'Ø¹Ø³Ù„ Ø£ÙƒØ§Ø³ÙŠØ§', 0, '130', '3.5', 'menuitems/20161129143442.png', '20', 'QR', 0, 0, '2017-02-07 11:20:09', '2017-02-07 11:20:09'),
(70, 15, 'Crepo \'N\' Gelata', 'ÙƒØ±ÙŠØ¨Ùˆ Ùˆ Ø¬ÙŠÙ„Ø§ØªÙˆ', 'SWEET CREPE One scoop of your favorite Gelato flavor, whipped cream,\r\nChocolate sauce.\r\nSHAKE-LICIOUS ( Chocolate, Vanilla or Strawberry ate sauce ).', 'Ø³ÙƒÙˆØ¨ Ù…Ù† Ù†ÙƒÙ‡Ø© Ø§Ù„Ø¬ÙŠÙ„Ø§ØªÙˆ Ø§Ù„Ù…ÙØ¶Ù„Ø© Ù„Ø¯ÙŠÙƒØŒ ÙƒØ±ÙŠÙ…Ø© Ù…Ø®ÙÙˆÙ‚Ø©ØŒ ØµÙ„ØµØ© Ø§Ù„Ø´ÙˆÙƒÙˆÙ„Ø§ØªØ©', 0, '130', '3.5', 'menuitems/20161129143912.png', '20', 'QR', 0, 0, '2017-02-07 11:21:19', '2017-02-07 11:21:19'),
(71, 15, 'Make it Compo', 'ÙˆØ¬Ø¨Ø© Ø£Ø·ÙØ§Ù„', '1 SAVOURY CREPE ( Margarita, The Three Musketeers or El Delicioso ).\r\n1 SWEET CREPE ( S\'mores, The Jolly Bee or Crepo \'N\' Gelata ).\r\nSHAKE-LICIOUS ( Chocolate, Vanilla or Strawberry ate sauce ).', 'Ù…Ø§Ø±ØºØ±ÙŠØªØ§ØŒ Ø§Ù„ÙØ±Ø³Ø§Ù† Ø§Ù„Ø«Ù„Ø§Ø«Ø© Ø£Ùˆ Ø§Ù„ Ø¯Ù„ÙŠØ³ÙŠÙˆØ³Ùˆ , Ø³Ù…ÙˆØ±Ø²ØŒ Ø¬ÙˆÙ„ÙŠ Ø¨ÙŠ Ø£Ùˆ ÙƒØ±ÙŠØ¨Ùˆ Ùˆ Ø¬ÙŠÙ„Ø§ØªÙˆ , Ø´ÙˆÙƒÙˆÙ„Ø§ØªØ©ØŒ ÙØ§Ù†ÙŠÙ„Ø§ Ø£Ùˆ ÙØ±Ø§ÙˆÙ„Ø©', 0, '130', '3.5', 'menuitems/20161129144043.png', '35', 'QR', 0, 0, '2017-02-07 11:22:58', '2017-02-07 11:22:58'),
(72, 11, 'Spicy Chicken', 'Ø¯Ø¬Ø§Ø¬ Ø­Ø§Ø±', 'Grilled lime chicken, rocca leaves, jalapeno chili, jack cheese, onion,\r\nspicy aioli served in white panini bread.', 'Ø´Ø±Ø­Ø§Øª Ø¯Ø¬Ø§Ø¬ Ù…Ø´ÙˆÙŠØ©ØŒ Ø¬Ø±Ø¬ÙŠØ±ØŒ Ù‡Ù„Ø§Ø¨ÙŠÙ†Ùˆ Ø­Ø§Ø±ØŒ Ø¬Ø¨Ù†Ø© Ø¬Ø§ÙƒØŒ Ø¨ØµÙ„ØŒ Ø£ÙŠÙˆÙ„ÙŠ Ø­Ø§Ø± Ù…Ù‚Ø¯Ù… ÙÙŠ Ø®Ø¨Ø² Ø¨Ø§Ù†ÙŠÙ†ÙŠ Ø£Ø¨ÙŠØ¶', 0, '130', '3.5', 'menuitems/20161129144359.png', '35', 'QR', 0, 0, '2017-02-07 11:36:20', '2017-02-07 11:36:20'),
(73, 16, 'Simple cheesecake small', '(ØµØºÙŠØ±)Ø³Ù…Ù¾Ù„ÙŠ ØªØ´ÙŠØ² ÙƒÙŠÙƒ', '', 'Ø¬ÙŠÙ„Ø§ØªÙˆ ØªØ´ÙŠØ² ÙƒÙŠÙƒ ØŒ ØµÙ„ØµØ© Ø§Ù„ØªØ´ÙŠØ² ÙƒÙŠÙƒ Ø¨Ø§Ù„ÙƒØ±Ø²ØŒ Ø¨Ø³ÙƒÙˆØª Ø¯Ø§ÙŠØ¬Ø³ØªÚ¤ Ù…Ø·Ø­ÙˆÙ† ØµÙ„ØµØ© Ù„ÙˆØªØ³ ØŒ ÙƒØ±ÙŠÙ…Ø© Ù…Ø®ÙÙˆÙ‚Ø©', 0, '130', '3.5', 'menuitems/20161129144654.png', '14', 'QR', 1, 4, '2017-02-04 06:20:21', '2017-02-04 06:20:21'),
(74, 16, 'Simple cheesecake large', '(ÙƒØ¨ÙŠØ±)Ø³Ù…Ù¾Ù„ÙŠ ØªØ´ÙŠØ² ÙƒÙŠÙƒ', '', 'Ø¬ÙŠÙ„Ø§ØªÙˆ ØªØ´ÙŠØ² ÙƒÙŠÙƒ ØŒ ØµÙ„ØµØ© Ø§Ù„ØªØ´ÙŠØ² ÙƒÙŠÙƒ Ø¨Ø§Ù„ÙƒØ±Ø²ØŒ Ø¨Ø³ÙƒÙˆØª Ø¯Ø§ÙŠØ¬Ø³ØªÚ¤ Ù…Ø·Ø­ÙˆÙ† ØµÙ„ØµØ© Ù„ÙˆØªØ³ ØŒ ÙƒØ±ÙŠÙ…Ø© Ù…Ø®ÙÙˆÙ‚Ø©', 0, '130', '3.5', 'menuitems/20161129144745.png', '18', 'QR', 1, 4, '2017-02-04 06:19:33', '2017-02-04 06:19:33'),
(75, 16, 'Tuttie fruittie small', '(ØµØºÙŠØ±)ØªÙˆØªÙŠ ÙØ±ÙˆØªÙŠ', '', 'Ø¬ÙŠÙ„Ø§ØªÙˆ ÙØ§Ù†ÙŠÙ„ÙŠØ§ ØŒ Ø¬ÙŠÙ„Ø§ØªÙˆ ÙØ±Ø§ÙˆÙ„Ø© ØŒ Ø´Ø±Ø§Ø¦Ø­ Ù…ÙˆØ² ØŒ Ø´Ø±Ø§Ø¦Ø­ ÙØ±Ø§ÙˆÙ„Ø©ØŒ ØµÙ„ØµØ© ÙØ±Ø§ÙˆÙ„Ø© ØŒ ÙƒØ±ÙŠÙ…Ø© Ù…Ø®ÙÙˆÙ‚Ø©', 0, '130', '3.5', 'menuitems/20161129145027.png', '14', 'QR', 1, 4, '2017-02-07 11:06:42', '2017-02-07 11:06:42'),
(76, 16, 'Tuttie fruittie large', 'ØªÙˆØªÙŠ ÙØ±ÙˆØªÙŠ (ÙƒØ¨ÙŠØ±)', '', 'Ø¬ÙŠÙ„Ø§ØªÙˆ ÙØ§Ù†ÙŠÙ„ÙŠØ§ ØŒ Ø¬ÙŠÙ„Ø§ØªÙˆ ÙØ±Ø§ÙˆÙ„Ø© ØŒ Ø´Ø±Ø§Ø¦Ø­ Ù…ÙˆØ² ØŒ Ø´Ø±Ø§Ø¦Ø­ ÙØ±Ø§ÙˆÙ„Ø©ØŒ ØµÙ„ØµØ© ÙØ±Ø§ÙˆÙ„Ø© ØŒ ÙƒØ±ÙŠÙ…Ø© Ù…Ø®ÙÙˆÙ‚Ø©', 0, '130', '3.5', 'menuitems/20161129145214.png', '18', 'QR', 1, 4, '2017-02-07 11:06:21', '2017-02-07 11:06:21'),
(77, 16, 'Avoqato â€“ licious small', '(ØµØºÙŠØ±)Ø£ÙÙˆØºØ§ØªÙˆ-Ù„ÙŠØ´Ø²', '', 'Ø¬ÙŠÙ„Ø§ØªÙˆ ÙØ§Ù†ÙŠÙ„ÙŠØ§ ØŒ Ø¥Ø³Ø¨Ø±ÙŠØ³Ùˆ ØŒ Ø´Ø±Ø§Ø¨ Ø§Ù„Ù„ÙˆØ²', 0, '130', '3.5', 'menuitems/20161129145351.png', '14', 'QR', 1, 4, '2017-02-07 11:10:20', '2017-02-07 11:10:20'),
(78, 16, 'Avoqato â€“ licious large', '( ÙƒØ¨ÙŠØ±)Ø£ÙÙˆØºØ§ØªÙˆ-Ù„ÙŠØ´Ø²', '', 'Ø¬ÙŠÙ„Ø§ØªÙˆ ÙØ§Ù†ÙŠÙ„ÙŠØ§ ØŒ Ø¥Ø³Ø¨Ø±ÙŠØ³Ùˆ ØŒ Ø´Ø±Ø§Ø¨ Ø§Ù„Ù„ÙˆØ²', 0, '130', '3.5', 'menuitems/20161129145503.png', '18', 'QR', 1, 4, '2017-02-07 11:09:59', '2017-02-07 11:09:59'),
(79, 16, 'Rocky road small', '(ØµØºÙŠØ±)Ø±ÙˆÙƒÙŠ Ø±ÙˆØ¯', '', 'Ø¬ÙŠÙ„Ø§ØªÙˆ ÙØ§Ù†ÙŠÙ„ÙŠØ§ ØŒ Ø¬ÙŠÙ„Ø§ØªÙˆ Ø´ÙˆÙƒÙˆÙ„Ø§ØªÙ‡ ØŒ Ø¨Ø±Ø§ÙˆÙ†ÙŠØ² ØŒ ØµÙ„ØµØ© Ø§Ù„Ø´ÙˆÙƒÙˆÙ„Ø§ØªÙ‡ØŒ ÙƒØ±ÙŠÙ…Ø© Ù…Ø®ÙÙˆÙ‚Ø©', 0, '130', '3.5', 'menuitems/20161129145544.png', '14', 'QR', 1, 4, '2017-02-07 11:12:07', '2017-02-07 11:12:07'),
(80, 16, 'Rocky road large', '(ÙƒØ¨ÙŠØ±)Ø±ÙˆÙƒÙŠ Ø±ÙˆØ¯', '', 'Ø¬ÙŠÙ„Ø§ØªÙˆ ÙØ§Ù†ÙŠÙ„ÙŠØ§ ØŒ Ø¬ÙŠÙ„Ø§ØªÙˆ Ø´ÙˆÙƒÙˆÙ„Ø§ØªÙ‡ ØŒ Ø¨Ø±Ø§ÙˆÙ†ÙŠØ² ØŒ ØµÙ„ØµØ© Ø§Ù„Ø´ÙˆÙƒÙˆÙ„Ø§ØªÙ‡ØŒ ÙƒØ±ÙŠÙ…Ø© Ù…Ø®ÙÙˆÙ‚Ø©', 0, '130', '3.5', 'menuitems/20161129145622.png', '18', 'QR', 1, 4, '2017-02-07 11:11:55', '2017-02-07 11:11:55'),
(81, 16, 'Gelato Shakes & Sorbet', 'Ø§Ù„Ø¬Ù„Ø§ØªÙˆØ§Ù„Ù…Ø®ÙÙˆÙ‚ Ùˆ Ø³Ù…ÙˆØ°ÙŠØ² Ø§Ù„Ø³ÙˆØ±Ø¨ÙŠÙ‡', '', '', 0, '130', '3.5', 'menuitems/20161129145729.png', '26', 'QR', 1, 4, '2017-02-07 11:13:19', '2017-02-07 11:13:19'),
(82, 12, 'Pink Skies', 'Ø¨ÙŠÙ†Ùƒ Ø³ÙƒØ§ÙŠØ²', 'Cherry syrup, soda.', 'Ø³ÙŠØ±Ø¨ Ø§Ù„ÙƒØ±Ø²ØŒ ØµÙˆØ¯Ø§', 0, '130', '3.5', 'menuitems/20161129150229.png', '14', 'QR', 0, 0, '2017-02-07 10:55:12', '2017-02-07 10:55:12'),
(83, 14, 'Tea', 'Ø´Ø§ÙŠ', 'English breakfast, Green, Jasmine, Earl Gray, Herbal Gourmet and Chamomile', 'Ø§Ù„ÙØ·ÙˆØ± Ø§Ù„Ø¥Ù†Ø¬Ù„ÙŠØ²ÙŠØŒ Ø£Ø®Ø¶Ø±ØŒ ÙŠØ§Ø³Ù…ÙŠÙ†ØŒ Ø¥ÙŠØ±Ù„ ØºØ±Ø§ÙŠØŒ Ø§Ù„Ø£Ø¹Ø´Ø§Ø¨ Ø§Ù„Ø·Ø¨ÙŠØ¹ÙŠØ©ØŒ Ø¨Ø§Ø¨ÙˆÙ†Ø¬', 0, '130', '3.5', 'menuitems/20161129151158.png', '16', 'QR', 0, 0, '2017-02-07 10:39:39', '2017-02-07 10:39:39'),
(84, 10, 'New York', 'Ù†ÙŠÙˆ ÙŠÙˆØ±Ùƒ', 'Nuttella, cheese cake slice, strawberries,carmel sause.', 'Ù†ÙˆØªÙŠÙ„Ø§ØŒ Ø´Ø±Ø§Ø¦Ø­ ØªØ´ÙŠØ² ÙƒÙŠÙƒØŒ ÙØ±Ø§ÙˆÙ„Ø©ØŒ ØµÙ„ØµØ© Ø§Ù„ÙƒØ±Ø§Ù…ÙŠÙ„', 1, '130', '3.5', 'menuitems/20161202105524.png', '35', 'QR', 1, 4, '2017-02-07 11:57:44', '2017-02-07 11:57:44'),
(85, 9, 'Margarita', 'Ù…Ø§Ø±ØºØ±ÙŠØªØ§', 'Tomato, black olives, oregano, fresh Mozzarella, pizza sauce.', 'Ø§Ù„Ø·Ù…Ø§Ø·Ù…ØŒ Ø§Ù„Ø²ÙŠØªÙˆÙ† Ø§Ù„Ø£Ø³ÙˆØ¯ØŒ Ø§Ù„Ø§ÙˆØ±ÙŠØ¬Ø§Ù†ÙˆØŒ Ù…ÙˆØ²Ø§Ø±ÙŠÙ„Ø§ Ø·Ø§Ø²Ø¬Ø©ØŒ ÙˆØµÙ„ØµØ© Ø§Ù„Ø¨ÙŠØªØ²Ø§.', 1, '130', '3.5', 'menuitems/20161202112824.png', '31', NULL, 1, 3, '2016-12-02 05:58:24', '2016-12-02 05:58:24'),
(86, 13, 'La Vie En rose coldlla..', 'Ù„Ø§ÙÙŠ Ø¥Ù† Ø±ÙˆØ²-Ø¨Ø§Ø±Ø¯..', 'Rose syrup, Caramel syrup, Milk, Espresso.', 'Ø´Ø±Ø§Ø¨ Ø§Ù„ÙˆØ±Ø¯ØŒ ÙˆØ´Ø±Ø§Ø¨ Ø§Ù„ÙƒØ±Ù…Ù„ØŒ Ø§Ù„Ø­Ù„ÙŠØ¨ØŒ Ø§Ø³Ø¨Ø±Ø³Ùˆ.', 0, '130', '3.5', 'menuitems/20161202120452.png', '18', 'QR', 0, 0, '2017-02-15 12:04:15', '2017-02-15 12:04:15'),
(87, 17, 'Water', 'Ù…Ø§Ø¡', '', '', 0, '', '', '', '2', 'QR', 0, 0, '2017-01-09 12:05:39', '2017-01-09 12:05:39'),
(89, 13, 'Smores Shake', 'Ø³Ù…ÙˆØ±Ø² Ø´ÙŠÙƒ', 'Chocolate shake with roasted marshmallows, Nutella sauce and crushed graham biscuits.', 'Ù…Ø®ÙÙˆÙ‚ Ø§Ù„Ø´ÙˆÙƒÙˆÙ„Ø§ØªÙ‡ Ù…Ø¹ Ø§Ù„Ù…Ø§Ø±Ø´Ù…ÙŠÙ„Ùˆ Ø§Ù„Ù…Ø­Ù…Øµ Ùˆ ØµÙ„ØµØ© Ø§Ù„Ù†ÙˆØªÙŠÙ„Ø§ ÙˆØ¨Ø³ÙƒÙˆÙŠØª Ø¬Ø±Ø§Ù‡Ø§Ù…', 0, '130', '3.5', '/menuitems/20170208123049.jpg', '29', 'QR', 0, 0, '2017-02-08 07:00:49', '2017-02-08 07:00:49'),
(90, 13, 'Ferrero Roshake', 'ÙÙŠØ±ÙŠØ±Ùˆ Ø±ÙˆØ´ÙŠÙƒ', 'Chocolate gelato , hazelnut gelato, Ferrero chocolate, chocolate sauce , whipped cream.', 'Ø¬ÙŠÙ„Ø§ØªÙˆ Ø´ÙˆÙƒÙˆÙ„Ø§ØªØ©ØŒ Ø¬ÙŠÙ„Ø§ØªÙˆ Ø¨Ù†Ø¯Ù‚ØŒ Ø´ÙˆÙƒÙˆÙ„Ø§ØªØ© ÙÙŠØ±ÙˆØ± ØŒ ØµÙ„ØµØ© Ø§Ù„Ø´ÙˆÙƒÙˆÙ„Ø§ØªØ© ØŒ ÙƒØ±ÙŠÙ…Ø© Ù…Ø®ÙÙˆÙ‚Ø©', 0, '130', '3.5', '/menuitems/20170208123135.jpg', '28', 'QR', 0, 0, '2017-02-15 12:05:12', '2017-02-15 12:05:12'),
(91, 13, 'Lotus Shake', 'Ù„ÙˆØªØ³ Ø´ÙŠÙƒ', 'Lotus biscuit shake with lotus spread', 'Ù…Ø®ÙÙˆÙ‚ Ø¨Ø³ÙƒÙˆÙŠØª Ø§Ù„Ù„ÙˆØªØ³ Ù…Ø¹ ÙƒØ±ÙŠÙ…Ø© Ø§Ù„Ù„ÙˆØªØ³ Ùˆ Ø§Ù„ÙƒØ±ÙŠÙ…Ø© Ø§Ù„Ù…Ø®ÙÙˆÙ‚Ø©', 0, '130', '3.5', '/menuitems/20170208123210.jpg', '29', 'QR', 0, 0, '2017-02-15 12:05:36', '2017-02-15 12:05:36'),
(92, 13, 'My Little Pony', 'Ù…Ø§ÙŠ Ù„ÙŠØªÙ„ Ù¾ÙˆÙ†ÙŠ', 'Fun and colorful vanilla shake with whipped cream, marshmallows and colored sprinkles', 'Ù…Ø®ÙÙˆÙ‚ Ø§Ù„ÙØ§Ù†ÙŠÙ„ÙŠØ§ Ø§Ù„Ù…Ù„ÙˆÙ† ÙˆØ§Ù„Ù…Ù…ØªØ¹ Ù…Ø¹ Ø§Ù„ÙƒØ±ÙŠÙ…Ø© Ø§Ù„Ù…Ø®ÙÙˆÙ‚Ø© Ùˆ Ø§Ù„Ù…Ø§Ø±Ø´Ù…ÙŠÙ„Ùˆ Ùˆ Ø§Ù„Ø³Ø¨Ø±ÙŠÙ†ÙƒÙ„Ø²', 0, '130', '3.5', '/menuitems/20170208123258.jpg', '29', 'QR', 0, 0, '2017-02-15 12:05:59', '2017-02-15 12:05:59'),
(93, 13, 'Kinder Latte', 'ÙƒÙŠÙ†Ø¯Ø± Ù„Ø§ØªÙŠÙ‡', 'Kinder chocolates, fresh milk, espresso, Kinder chocolate sauce and whipped cream', 'Ø´ÙˆÙƒÙˆÙ„Ø§ØªØ© ÙƒÙŠÙ†Ø¯Ø± ØŒ Ø­Ù„ÙŠØ¨ Ø·Ø§Ø²Ø¬ ØŒ Ø§Ø³Ø¨Ø±ÙŠØ³Ùˆ ØŒ ØµÙ„ØµØ© Ø§Ù„ÙƒÙŠÙ†Ø¯Ø± ØŒ ÙƒØ±ÙŠÙ…Ø© Ù…Ø®ÙÙˆÙ‚Ø©', 0, '130', '3.5', '/menuitems/20170208123631.jpg', '30', 'QR', 0, 0, '2017-02-15 12:06:58', '2017-02-15 12:06:58'),
(94, 14, 'Hot Chocolate Marshmallows.', 'Ø´ÙˆÙƒÙˆÙ„Ø§ØªØ© Ø³Ø§Ø®Ù†Ø© Ùˆ Ù…Ø§Ø±Ø´Ù…ÙŠÙ„Ùˆ', 'English breakfast, Green, Jasmine, Earl Gray, Herbal Gourmet and Chamomile', 'Ø§Ù„ÙØ·ÙˆØ± Ø§Ù„Ø¥Ù†Ø¬Ù„ÙŠØ²ÙŠØŒ Ø£Ø®Ø¶Ø±ØŒ ÙŠØ§Ø³Ù…ÙŠÙ†ØŒ Ø¥ÙŠØ±Ù„ ØºØ±Ø§ÙŠØŒ Ø§Ù„Ø£Ø¹Ø´Ø§Ø¨ Ø§Ù„Ø·Ø¨ÙŠØ¹ÙŠØ©ØŒ Ø¨Ø§Ø¨ÙˆÙ†Ø¬', 0, '130', '3.5', '/menuitems/20170208122717.jpg', '20', 'QR', 0, 0, '2017-02-08 06:58:17', '2017-02-08 06:58:17'),
(95, 14, 'Tea.', 'Ø´Ø§ÙŠ', 'English breakfast, Green, Jasmine, Earl Gray, Herbal Gourmet and Chamomile', 'Ø§Ù„ÙØ·ÙˆØ± Ø§Ù„Ø¥Ù†Ø¬Ù„ÙŠØ²ÙŠØŒ Ø£Ø®Ø¶Ø±ØŒ ÙŠØ§Ø³Ù…ÙŠÙ†ØŒ Ø¥ÙŠØ±Ù„ ØºØ±Ø§ÙŠØŒ Ø§Ù„Ø£Ø¹Ø´Ø§Ø¨ Ø§Ù„Ø·Ø¨ÙŠØ¹ÙŠØ©ØŒ Ø¨Ø§Ø¨ÙˆÙ†Ø¬', 0, '130', '3.5', '/menuitems/20170208122651.jpg', '16', 'QR', 0, 0, '2017-02-08 06:58:45', '2017-02-08 06:58:45'),
(96, 7, 'Shakshoka', 'Ø´ÙƒØ´ÙˆÙƒØ©', 'Scrambled eggs with tomatoes, onions, colored bell peppers, cheddar cheese, mozzarella', 'Ø¨ÙŠØ¶ Ù…Ø®ÙÙˆÙ‚ Ù…Ø¹ Ø§Ù„Ø·Ù…Ø§Ø·Ù… Ùˆ Ø§Ù„Ø¨ØµÙ„ Ùˆ Ø§Ù„ÙÙ„ÙÙ„ Ø§Ù„Ø±ÙˆÙ…ÙŠ Ø§Ù„Ù…Ù„ÙˆÙ† ØŒ Ø¬Ø¨Ù†Ø© Ø´ÙŠØ¯Ø± ØŒ Ù…ÙˆØ²Ø§Ø±ÙŠÙ„Ø§', 1, '130', '3.5', '/menuitems/20170208122515.jpg', '33', 'QR', 1, 3, '2017-02-08 06:55:15', '2017-02-08 06:55:15'),
(97, 12, 'Hawaiian', 'Ù‡Ø§ÙˆØ§ÙŠØ§Ù†', 'Passion Fruit purÃ©e, blue lagoon syrup, 7.up, orange slices, crushed ice', 'Ø¨ÙŠÙˆØ±ÙŠÙ‡ ÙØ§ÙƒÙ‡Ø© Ø§Ù„Ø¨Ø§Ø´Ù† ØŒ Ø³ÙŠØ±Ø¨ Ø§Ù„Ø¨Ù„Ùˆ Ù„Ø§ØºÙˆÙ† ØŒ Ø³Ú¤Ù† Ø£Ù¾ ØŒ Ø´Ø±Ø§Ø¦Ø­ Ø§Ù„Ø¨Ø±ØªÙ‚Ø§Ù„ ØŒ Ø«Ù„Ø¬ Ù…Ø¬Ø±ÙˆØ´', 0, '130', '3.5', '/menuitems/20170208122345.jpg', '20', 'QR', 0, 0, '2017-02-08 06:53:45', '2017-02-08 06:53:45'),
(98, 12, 'Blue Lava', 'Ø¨Ù„Ùˆ Ù„Ø§ÙØ§', 'Raspberry purÃ©e, blue lagoon syrup, 7.up, crushed ice\r\nMenu items may vary by location. Prices are subjected to change without notice.\r\ncrepedelicious', 'Ø¨ÙŠÙˆØ±ÙŠÙ‡ ØªÙˆØª Ø§Ù„Ø¹Ù„ÙŠÙ‚ ØŒ Ø³ÙŠØ±Ø¨ Ø§Ù„Ø¨Ù„Ùˆ Ù„Ø§ØºÙˆÙ† ØŒ Ø³Ú¤Ù† Ø£Ù¾ ØŒ Ø«Ù„Ø¬ Ø§Ù„Ù…Ø¬Ø±ÙˆØ´', 0, '130', '3.5', '/menuitems/20170208122414.jpg', '20', 'QR', 0, 0, '2017-02-08 06:54:14', '2017-02-08 06:54:14'),
(99, 16, 'CrÃ¨me brulee crepe cake', 'ÙƒØ±ÙŠÙ… Ø¨Ø±ÙˆÙ„ÙŠÙ‡ ÙƒØ±ÙŠØ¨ ÙƒÙŠÙƒ', 'Crepe layers with vanilla cream and caramelized brown sugar, lotus sauce', 'Ø·Ø¨Ù‚Ø§Øª Ø§Ù„ÙƒØ±ÙŠØ¨ Ø¨ÙƒØ±ÙŠÙ…Ø© Ø§Ù„ÙØ§Ù†ÙŠÙ„ÙŠØ§ Ùˆ Ø§Ù„Ø³ÙƒØ± Ø§Ù„Ø¨Ù†ÙŠ Ø§Ù„Ù…ÙƒØ±Ù…Ù„ØŒ ØµÙ„ØµØ© Ø§Ù„Ù„ÙˆØªØ³', 0, '130', '3.5', '/menuitems/20170208122055.jpg', '29', 'QR', 1, 4, '2017-02-08 06:50:55', '2017-02-08 06:50:55'),
(100, 10, 'Crepo n Gelata cone', 'ÙƒØ±ÙŠØ¨Ùˆ Ø§Ù† Ø¬ÙŠÙ„Ø§ØªØ§ ÙƒÙˆÙ†', 'Crepe-cone with your choice of filling, 1 type of each: (sauce, gelato, fruit or brownies),\r\nwhipped cream', 'Ø§Ù„ØµÙ„ØµØ©ØŒ Ø§Ù„Ø¬ÙŠÙ„Ø§ØªÙˆØŒ Ø§Ù„ÙÙˆØ§ÙƒÙ‡ Ø£Ùˆ Ø§Ù„Ø¨Ø±Ø§ÙˆÙ†ÙŠØ²  Ù‚Ù…Ø¹ Ø§Ù„ÙƒØ±ÙŠØ¨ Ù…Ø¹ ØµÙ†Ù 1 Ù…Ù† Ø¥Ø®ØªÙŠØ§Ø±Ùƒ Ù…Ù† :ÙƒØ±ÙŠÙ…Ø© Ù…Ø®ÙÙˆÙ‚Ø©', 1, '130', '3.5', '/menuitems/20170208120631.jpg', '32', 'QR', 1, 4, '2017-02-08 06:36:31', '2017-02-08 06:36:31'),
(101, 10, 'Kunafa', 'ÙƒÙ†Ø§ÙØ©', 'Big scoop of vanilla gelato, Golden kunafa dough , sugar syrup, pistachios', '.ÙƒØ±Ø© ÙƒØ¨ÙŠØ±Ø© Ù…Ù† Ø¬ÙŠÙ„Ø§ØªÙˆ Ø§Ù„ÙØ§Ù†ÙŠÙ„ÙŠØ§ ØŒ Ø´Ø¹ÙŠØ±Ø§Øª Ø§Ù„ÙƒÙ†Ø§ÙØ© Ø§Ù„Ù…Ø­Ù…Ø±Ø© ØŒ Ù‚Ø·Ø± ØŒ ÙØ³ØªÙ‚ Ø­Ù„Ø¨ÙŠ', 1, '130', '3.5', '/menuitems/20170208120546.jpg', '34', 'QR', 1, 4, '2017-02-08 06:35:46', '2017-02-08 06:35:46'),
(102, 10, 'Kinder Flutes', 'ÙƒÙ†Ø¯Ø± ÙÙ„ÙˆØªØ³', 'Kinder chocolate, kinder sauce, chocolate sauce', 'Ø´ÙˆÙƒÙˆÙ„Ø§ØªÙ‡ ÙƒÙŠÙ†Ø¯Ø±, ØµÙ„ØµØ© ÙƒÙŠÙ†Ø¯Ø± , ØµÙ„ØµØ© Ø´ÙˆÙƒÙˆÙ„Ø§ØªØ©', 1, '130', '3.5', '/menuitems/20170208120507.jpg', '34', 'QR', 1, 4, '2017-02-08 06:35:07', '2017-02-08 06:35:07'),
(103, 10, 'The Noodles', 'Ø°ÙŽØ§ Ù†ÙˆØ¯Ù„Ø²', 'Crepe noodles, strawberries, bananas, 1 scoop of gelato , Nutella sauce.', 'ÙƒØ±ÙŠØ¨ Ù†ÙˆØ¯Ù„Ø² ØŒ ÙØ±Ø§ÙˆÙ„Ø© ØŒ Ù…ÙˆØ² ØŒ ÙƒØ±Ø© Ù…Ù† Ø§Ù„Ø¬ÙŠÙ„Ø§ØªÙˆ ØŒ ØµÙ„ØµØ© Ø§Ù„Ù†ÙˆØªÙŠÙ„Ø§', 1, '130', '3.5', '/menuitems/20170208120340.jpg', '34', 'QR', 1, 4, '2017-02-08 06:33:40', '2017-02-08 06:33:40'),
(104, 10, 'Smore', 'Ø³Ù…ÙˆØ±', 'Custard, fresh strawberries or fresh banana', 'ÙƒØ§Ø³ØªØ±Ø¯ØŒ ÙØ±Ø§ÙˆÙ„Ø© Ø·Ø§Ø²Ø¬Ø© Ø£Ùˆ Ù…ÙˆØ² Ø·Ø§Ø²Ø¬', 1, '130', '3.5', '/menuitems/20170208120252.jpg', '30', 'QR', 1, 4, '2017-02-08 06:32:52', '2017-02-08 06:32:52'),
(105, 10, 'Rahash', 'Ø±ÙŽÙ‡ÙŽØ´Ù’', 'Sweet sesame spread, pistachios.', '.Ø­Ù„Ø§ÙˆØ© Ø§Ù„Ø·Ø­ÙŠÙ†ÙŠØ© ØŒ ÙØ³ØªÙ‚ Ø­Ù„Ø¨ÙŠ Ù…Ø·Ø­ÙˆÙ†', 1, '130', '3.5', '/menuitems/20170208120148.jpg', '30', 'QR', 1, 4, '2017-02-08 06:31:48', '2017-02-08 06:31:48'),
(106, 10, 'Crepe Cake', 'ÙƒØ±ÙŠØ¨ ÙƒÙŠÙƒ', 'Sliced bananas, toffee and Chocolate sauce.', 'Ø´Ø±Ø§Ø¦Ø­ Ù…ÙˆØ²ØŒ ØªÙˆÙÙŠ Ùˆ ØµÙ„ØµØ© Ø§Ù„Ø´ÙˆÙƒÙˆÙ„Ø§ØªØ©', 1, '130', '3.5', '/menuitems/20170208120100.jpg', '30', 'QR', 1, 4, '2017-02-08 06:31:00', '2017-02-08 06:31:00'),
(107, 10, 'Blossoms Delight', 'Ø¨Ù„ÙˆØ³Ù…ÙˆØ³ Ø¯ÙŠÙ„Ø§ÙŠØª', 'Orange blossom, semolina custard, pistachios, whipped cream, sugar syrup.', 'Ø¨Ø±ØªÙ‚Ø§Ù„ Ø¨Ø§Ù„ÙƒØ±Ø§Ù…ÙŠÙ„ØŒ Ø³ÙŠØ±ÙˆØ¨ Ø§Ù„Ø¨Ø±ØªÙ‚Ø§Ù„ØŒ ÙƒØ§Ø³ØªØ±Ø¯', 1, '130', '3.5', '/menuitems/20170208120005.jpg', '32', 'QR', 1, 4, '2017-02-08 06:30:05', '2017-02-08 06:30:05'),
(108, 10, 'Reese', 'Ø±ÙŠØ³Ø²', 'Sliced mango, whipped cream, custard.', 'Ø´ÙˆÙƒÙˆÙ„Ø§ØªØ© Ø±ÙŠØ³Ø² ,ØµÙ„ØµØ© Ø´ÙˆÙƒÙˆÙ„Ø§ØªØ©', 1, '130', '3.5', '/menuitems/20170208115919.jpg', '34', 'QR', 1, 4, '2017-02-08 06:29:19', '2017-02-08 06:29:19'),
(109, 10, 'Shish Crepe', 'Ø´ÙŠØ´ ÙƒØ±ÙŠØ¨', 'Nutella crepe rolls, fruits, Nutella sauce', 'Ø±ÙˆÙ„ ÙƒØ±ÙŠØ¨ Ø§Ù„Ù†ÙˆØªÙŠÙ„Ø§ ØŒ ÙÙˆØ§ÙƒÙ‡ ØŒ ØµÙ„ØµØ© Ø§Ù„Ù†ÙˆØªÙŠÙ„Ø§', 1, '130', '3.5', '/menuitems/20170208115835.jpg', '34', 'QR', 1, 4, '2017-02-08 06:28:35', '2017-02-08 06:28:35'),
(110, 10, 'Trio Crepe', 'ØªØ±ÙŠÙˆ ÙƒØ±ÙŠØ¨', 'Nutella, pistachio sauce, kinder chocolate sauce', 'Ù†ÙˆØªÙŠÙ„Ø§ ØŒ ØµÙ„ØµØ© Ø§Ù„ÙØ³ØªÙ‚ ØŒ ØµÙ„ØµØ© Ø´ÙˆÙƒÙˆÙ„Ø§ØªÙ‡ ÙƒÙŠÙ†Ø¯Ø±', 1, '130', '3.5', '/menuitems/20170208115724.jpg', '35', 'QR', 1, 4, '2017-02-08 06:27:24', '2017-02-08 06:27:24'),
(111, 10, 'Crepo n Gelata cone.', 'ÙƒØ±ÙŠØ¨Ùˆ Ø§Ù† Ø¬ÙŠÙ„Ø§ØªØ§ ÙƒÙˆÙ†', 'Crepe-cone with your choice of filling, 1 type of each: (sauce, gelato, fruit or brownies),\r\nwhipped cream', 'Ø§Ù„ØµÙ„ØµØ©ØŒ Ø§Ù„Ø¬ÙŠÙ„Ø§ØªÙˆØŒ Ø§Ù„ÙÙˆØ§ÙƒÙ‡ Ø£Ùˆ Ø§Ù„Ø¨Ø±Ø§ÙˆÙ†ÙŠØ²  Ù‚Ù…Ø¹ Ø§Ù„ÙƒØ±ÙŠØ¨ Ù…Ø¹ ØµÙ†Ù 1 Ù…Ù† Ø¥Ø®ØªÙŠØ§Ø±Ùƒ Ù…Ù† :ÙƒØ±ÙŠÙ…Ø© Ù…Ø®ÙÙˆÙ‚Ø©', 1, '130', '3.5', '/menuitems/20170208120931.jpg', '32', 'QR', 1, 4, '2017-02-08 06:39:31', '2017-02-08 06:39:31'),
(112, 13, 'La Vie En Rose.', 'Ù„Ø§ÙÙŠ Ø¥Ù† Ø±ÙˆØ²', 'Rose syrup, Caramel syrup, Milk, Espresso.', 'Ø³ÙŠØ±Ø¨ Ø§Ù„Ø²Ù‡ÙˆØ±ØŒ Ø³ÙŠØ±Ø¨ Ø§Ù„ÙƒØ±Ø§Ù…ÙŠÙ„ØŒ Ø­Ù„ÙŠØ¨ØŒ Ø§Ø³Ø¨Ø±ÙŠØ³Ùˆ', 0, '130', '3.5', '/menuitems/20170208123551.jpg', '18', 'QR', 0, 0, '2017-02-15 12:06:34', '2017-02-15 12:06:34');

-- --------------------------------------------------------

--
-- Table structure for table `migrations`
--

CREATE TABLE `migrations` (
  `id` int(10) UNSIGNED NOT NULL,
  `migration` varchar(255) COLLATE utf8_unicode_ci NOT NULL,
  `batch` int(11) NOT NULL
) ENGINE=InnoDB DEFAULT CHARSET=utf8 COLLATE=utf8_unicode_ci;

--
-- Dumping data for table `migrations`
--

INSERT INTO `migrations` (`id`, `migration`, `batch`) VALUES
(43, '2014_10_12_000000_create_users_table', 1),
(44, '2014_10_12_100000_create_password_resets_table', 1),
(45, '2016_11_03_051859_create_meal_types', 1),
(46, '2016_11_03_085613_create_menu_items_table', 1),
(47, '2016_11_04_061538_create_filling_categories', 1),
(48, '2016_11_06_111554_create_fillings', 1),
(49, '2016_11_06_142944_create_filling_types', 1);

-- --------------------------------------------------------

--
-- Table structure for table `password_resets`
--

CREATE TABLE `password_resets` (
  `email` varchar(255) COLLATE utf8_unicode_ci NOT NULL,
  `token` varchar(255) COLLATE utf8_unicode_ci NOT NULL,
  `created_at` timestamp NULL DEFAULT NULL
) ENGINE=InnoDB DEFAULT CHARSET=utf8 COLLATE=utf8_unicode_ci;

-- --------------------------------------------------------

--
-- Table structure for table `users`
--

CREATE TABLE `users` (
  `id` int(10) UNSIGNED NOT NULL,
  `name` varchar(255) COLLATE utf8_unicode_ci NOT NULL,
  `email` varchar(255) COLLATE utf8_unicode_ci NOT NULL,
  `password` varchar(255) COLLATE utf8_unicode_ci NOT NULL,
  `remember_token` varchar(100) COLLATE utf8_unicode_ci DEFAULT NULL,
  `created_at` timestamp NULL DEFAULT NULL,
  `updated_at` timestamp NULL DEFAULT NULL
) ENGINE=InnoDB DEFAULT CHARSET=utf8 COLLATE=utf8_unicode_ci;

--
-- Dumping data for table `users`
--

INSERT INTO `users` (`id`, `name`, `email`, `password`, `remember_token`, `created_at`, `updated_at`) VALUES
(1, 'admin', 'adminbodhi@gmail.com', '979069a1f645de8f665d49abda7be1c8', 'pmYMAZbi5B55HdFmMiqDYSORTMGTlZ9BZu9zfApLGFDv9LwGF2S70MJwgbbB', '2016-11-09 02:02:46', '2016-11-10 00:12:07');

--
-- Indexes for dumped tables
--

--
-- Indexes for table `fillings`
--
ALTER TABLE `fillings`
  ADD PRIMARY KEY (`id`),
  ADD KEY `fillings_filling_category_id_index` (`filling_category_id`);

--
-- Indexes for table `filling_categories`
--
ALTER TABLE `filling_categories`
  ADD PRIMARY KEY (`id`);

--
-- Indexes for table `filling_types`
--
ALTER TABLE `filling_types`
  ADD PRIMARY KEY (`id`),
  ADD KEY `filling_types_filling_id_index` (`filling_id`);

--
-- Indexes for table `Item_filling`
--
ALTER TABLE `Item_filling`
  ADD PRIMARY KEY (`ID`);

--
-- Indexes for table `meal_types`
--
ALTER TABLE `meal_types`
  ADD PRIMARY KEY (`id`);

--
-- Indexes for table `menu_items`
--
ALTER TABLE `menu_items`
  ADD PRIMARY KEY (`id`),
  ADD KEY `menu_items_meal_type_id_index` (`meal_type_id`);

--
-- Indexes for table `migrations`
--
ALTER TABLE `migrations`
  ADD PRIMARY KEY (`id`);

--
-- Indexes for table `password_resets`
--
ALTER TABLE `password_resets`
  ADD KEY `password_resets_email_index` (`email`),
  ADD KEY `password_resets_token_index` (`token`);

--
-- Indexes for table `users`
--
ALTER TABLE `users`
  ADD PRIMARY KEY (`id`),
  ADD UNIQUE KEY `users_email_unique` (`email`);

--
-- AUTO_INCREMENT for dumped tables
--

--
-- AUTO_INCREMENT for table `fillings`
--
ALTER TABLE `fillings`
  MODIFY `id` int(10) UNSIGNED NOT NULL AUTO_INCREMENT, AUTO_INCREMENT=17;
--
-- AUTO_INCREMENT for table `filling_categories`
--
ALTER TABLE `filling_categories`
  MODIFY `id` int(10) UNSIGNED NOT NULL AUTO_INCREMENT, AUTO_INCREMENT=5;
--
-- AUTO_INCREMENT for table `filling_types`
--
ALTER TABLE `filling_types`
  MODIFY `id` int(10) UNSIGNED NOT NULL AUTO_INCREMENT, AUTO_INCREMENT=18;
--
-- AUTO_INCREMENT for table `Item_filling`
--
ALTER TABLE `Item_filling`
  MODIFY `ID` int(11) NOT NULL AUTO_INCREMENT, AUTO_INCREMENT=85;
--
-- AUTO_INCREMENT for table `meal_types`
--
ALTER TABLE `meal_types`
  MODIFY `id` int(10) UNSIGNED NOT NULL AUTO_INCREMENT, AUTO_INCREMENT=20;
--
-- AUTO_INCREMENT for table `menu_items`
--
ALTER TABLE `menu_items`
  MODIFY `id` int(10) UNSIGNED NOT NULL AUTO_INCREMENT, AUTO_INCREMENT=113;
--
-- AUTO_INCREMENT for table `migrations`
--
ALTER TABLE `migrations`
  MODIFY `id` int(10) UNSIGNED NOT NULL AUTO_INCREMENT, AUTO_INCREMENT=50;
--
-- AUTO_INCREMENT for table `users`
--
ALTER TABLE `users`
  MODIFY `id` int(10) UNSIGNED NOT NULL AUTO_INCREMENT, AUTO_INCREMENT=2;
/*!40101 SET CHARACTER_SET_CLIENT=@OLD_CHARACTER_SET_CLIENT */;
/*!40101 SET CHARACTER_SET_RESULTS=@OLD_CHARACTER_SET_RESULTS */;
/*!40101 SET COLLATION_CONNECTION=@OLD_COLLATION_CONNECTION */;
